Elapsed time;Data
(hr);(atm)
1;1000
2;500
3;333,3333333
4;250
5;200
6;166,6666667
7;142,8571429
8;125
9;111,1111111
10;100
11;90,90909091
12;83,33333333
13;76,92307692
14;71,42857143
15;66,66666667
16;62,5
17;58,82352941
18;55,55555556
19;52,63157895
20;50
21;47,61904762
22;45,45454546
23;43,47826087
24;41,66666667
25;40
26;38,46153846
27;37,03703704
28;35,71428571
29;34,48275862
30;33,33333333
31;32,25806452
32;31,25
33;30,3030303
34;29,41176471
35;28,57142857
36;27,77777778
37;27,02702703
38;26,31578947
39;25,64102564
40;25
41;24,3902439
42;23,80952381
43;23,25581395
44;22,72727273
45;22,22222222
46;21,73913044
47;21,27659575
48;20,83333333
49;20,40816327
50;20
51;19,60784314
52;19,23076923
53;18,86792453
54;18,51851852
55;18,18181818
56;17,85714286
57;17,54385965
58;17,24137931
59;16,94915254
60;16,66666667
61;16,39344262
62;16,12903226
63;15,87301587
64;15,625
65;15,38461539
66;15,15151515
67;14,92537313
68;14,70588235
69;14,49275362
70;14,28571429
71;14,08450704
72;13,88888889
73;13,69863014
74;13,51351351
75;13,33333333
76;13,15789474
77;12,98701299
78;12,82051282
79;12,65822785
80;12,5
81;12,34567901
82;12,19512195
83;12,04819277
84;11,90476191
85;11,76470588
86;11,62790698
87;11,49425287
88;11,36363636
89;11,23595506
90;11,11111111
91;10,98901099
92;10,86956522
93;10,75268817
94;10,63829787
95;10,52631579
96;10,41666667
97;10,30927835
98;10,20408163
99;10,1010101
100;10
101;9,900990099
102;9,803921569
103;9,708737864
104;9,615384615
105;9,523809524
106;9,433962264
107;9,345794393
108;9,259259259
109;9,174311927
110;9,090909091
111;9,009009009
112;8,928571429
113;8,849557522
114;8,771929825
115;8,695652174
116;8,620689655
117;8,547008547
118;8,474576271
119;8,403361345
120;8,333333333
121;8,26446281
122;8,196721312
123;8,130081301
124;8,064516129
125;8
126;7,936507937
127;7,874015748
128;7,8125
129;7,751937985
130;7,692307692
131;7,633587786
132;7,575757576
133;7,518796993
134;7,462686567
135;7,407407407
136;7,352941177
137;7,299270073
138;7,246376812
139;7,194244604
140;7,142857143
141;7,092198582
142;7,042253521
143;6,993006993
144;6,944444444
145;6,896551724
146;6,849315069
147;6,802721088
148;6,756756757
149;6,711409396
150;6,666666667
151;6,622516556
152;6,578947368
153;6,535947712
154;6,493506494
155;6,451612903
156;6,41025641
157;6,369426752
158;6,329113924
159;6,289308176
160;6,25
161;6,211180124
162;6,172839506
163;6,134969325
164;6,097560976
165;6,060606061
166;6,024096386
167;5,988023952
168;5,952380952
169;5,917159763
170;5,882352941
171;5,847953216
172;5,813953488
173;5,780346821
174;5,747126437
175;5,714285714
176;5,681818182
177;5,649717514
178;5,617977528
179;5,586592179
180;5,555555556
181;5,524861879
182;5,494505495
183;5,464480874
184;5,434782609
185;5,405405405
186;5,376344086
187;5,347593583
188;5,319148936
189;5,291005291
190;5,263157895
191;5,235602094
192;5,208333333
193;5,18134715
194;5,154639175
195;5,128205128
196;5,102040816
197;5,076142132
198;5,050505051
199;5,025125628
200;5
201;4,975124378
202;4,95049505
203;4,926108374
204;4,901960784
205;4,878048781
206;4,854368932
207;4,830917874
208;4,807692308
209;4,784688995
210;4,761904762
211;4,739336493
212;4,716981132
213;4,694835681
214;4,672897196
215;4,651162791
216;4,62962963
217;4,608294931
218;4,587155963
219;4,566210046
220;4,545454546
221;4,524886878
222;4,504504505
223;4,484304933
224;4,464285714
225;4,444444444
226;4,424778761
227;4,405286344
228;4,385964912
229;4,366812227
230;4,347826087
231;4,329004329
232;4,310344828
233;4,291845494
234;4,273504274
235;4,255319149
236;4,237288136
237;4,219409283
238;4,201680672
239;4,184100418
240;4,166666667
241;4,149377593
242;4,132231405
243;4,115226337
244;4,098360656
245;4,081632653
246;4,06504065
247;4,048582996
248;4,032258065
249;4,016064257
250;4
251;3,984063745
252;3,968253968
253;3,95256917
254;3,937007874
255;3,921568628
256;3,90625
257;3,891050584
258;3,875968992
259;3,861003861
260;3,846153846
261;3,831417625
262;3,816793893
263;3,802281369
264;3,787878788
265;3,773584906
266;3,759398496
267;3,745318352
268;3,731343284
269;3,717472119
270;3,703703704
271;3,6900369
272;3,676470588
273;3,663003663
274;3,649635037
275;3,636363636
276;3,623188406
277;3,610108303
278;3,597122302
279;3,584229391
280;3,571428571
281;3,558718861
282;3,546099291
283;3,533568905
284;3,521126761
285;3,50877193
286;3,496503497
287;3,484320558
288;3,472222222
289;3,460207613
290;3,448275862
291;3,436426117
292;3,424657534
293;3,412969283
294;3,401360544
295;3,389830509
296;3,378378378
297;3,367003367
298;3,355704698
299;3,344481605
300;3,333333333
301;3,322259136
302;3,311258278
303;3,300330033
304;3,289473684
305;3,278688525
306;3,267973856
307;3,25732899
308;3,246753247
309;3,236245955
310;3,225806452
311;3,215434084
312;3,205128205
313;3,194888179
314;3,184713376
315;3,174603175
316;3,164556962
317;3,154574133
318;3,144654088
319;3,134796238
320;3,125
321;3,115264798
322;3,105590062
323;3,095975232
324;3,086419753
325;3,076923077
326;3,067484663
327;3,058103976
328;3,048780488
329;3,039513678
330;3,03030303
331;3,021148036
332;3,012048193
333;3,003003003
334;2,994011976
335;2,985074627
336;2,976190476
337;2,96735905
338;2,958579882
339;2,949852507
340;2,941176471
341;2,93255132
342;2,923976608
343;2,915451895
344;2,906976744
345;2,898550725
346;2,89017341
347;2,88184438
348;2,873563218
349;2,865329513
350;2,857142857
351;2,849002849
352;2,840909091
353;2,83286119
354;2,824858757
355;2,816901409
356;2,808988764
357;2,801120448
358;2,793296089
359;2,78551532
360;2,777777778
361;2,770083103
362;2,762430939
363;2,754820937
364;2,747252747
365;2,739726027
366;2,732240437
367;2,72479564
368;2,717391304
369;2,7100271
370;2,702702703
371;2,69541779
372;2,688172043
373;2,680965148
374;2,673796791
375;2,666666667
376;2,659574468
377;2,652519894
378;2,645502646
379;2,638522427
380;2,631578947
381;2,624671916
382;2,617801047
383;2,610966057
384;2,604166667
385;2,597402597
386;2,590673575
387;2,583979328
388;2,577319588
389;2,570694087
390;2,564102564
391;2,557544757
392;2,551020408
393;2,544529262
394;2,538071066
395;2,53164557
396;2,525252525
397;2,518891688
398;2,512562814
399;2,506265664
400;2,5
401;2,493765586
402;2,487562189
403;2,481389578
404;2,475247525
405;2,469135803
406;2,463054187
407;2,457002457
408;2,450980392
409;2,444987775
410;2,43902439
411;2,433090024
412;2,427184466
413;2,421307506
414;2,415458937
415;2,409638554
416;2,403846154
417;2,398081535
418;2,392344498
419;2,386634845
420;2,380952381
421;2,375296912
422;2,369668246
423;2,364066194
424;2,358490566
425;2,352941177
426;2,34741784
427;2,341920375
428;2,336448598
429;2,331002331
430;2,325581395
431;2,320185615
432;2,314814815
433;2,309468822
434;2,304147465
435;2,298850575
436;2,293577982
437;2,28832952
438;2,283105023
439;2,277904328
440;2,272727273
441;2,267573696
442;2,262443439
443;2,257336343
444;2,252252252
445;2,247191011
446;2,242152466
447;2,237136465
448;2,232142857
449;2,227171492
450;2,222222222
451;2,2172949
452;2,212389381
453;2,207505519
454;2,202643172
455;2,197802198
456;2,192982456
457;2,188183807
458;2,183406114
459;2,178649238
460;2,173913044
461;2,169197397
462;2,164502165
463;2,159827214
464;2,155172414
465;2,150537634
466;2,145922747
467;2,141327623
468;2,136752137
469;2,132196162
470;2,127659575
471;2,123142251
472;2,118644068
473;2,114164905
474;2,109704641
475;2,105263158
476;2,100840336
477;2,096436059
478;2,092050209
479;2,087682672
480;2,083333333
481;2,079002079
482;2,074688797
483;2,070393375
484;2,066115703
485;2,06185567
486;2,057613169
487;2,05338809
488;2,049180328
489;2,044989775
490;2,040816327
491;2,036659878
492;2,032520325
493;2,028397566
494;2,024291498
495;2,02020202
496;2,016129032
497;2,012072435
498;2,008032129
499;2,004008016
500;2
501;1,996007984
502;1,992031873
503;1,988071571
504;1,984126984
505;1,98019802
506;1,976284585
507;1,972386588
508;1,968503937
509;1,964636542
510;1,960784314
511;1,956947162
512;1,953125
513;1,949317739
514;1,945525292
515;1,941747573
516;1,937984496
517;1,934235977
518;1,930501931
519;1,926782274
520;1,923076923
521;1,919385797
522;1,915708812
523;1,912045889
524;1,908396947
525;1,904761905
526;1,901140684
527;1,897533207
528;1,893939394
529;1,890359168
530;1,886792453
531;1,883239171
532;1,879699248
533;1,876172608
534;1,872659176
535;1,869158879
536;1,865671642
537;1,862197393
538;1,85873606
539;1,85528757
540;1,851851852
541;1,848428836
542;1,84501845
543;1,841620626
544;1,838235294
545;1,834862385
546;1,831501832
547;1,828153565
548;1,824817518
549;1,821493625
550;1,818181818
551;1,814882033
552;1,811594203
553;1,808318264
554;1,805054152
555;1,801801802
556;1,798561151
557;1,795332136
558;1,792114695
559;1,788908766
560;1,785714286
561;1,782531194
562;1,779359431
563;1,776198934
564;1,773049645
565;1,769911504
566;1,766784452
567;1,76366843
568;1,76056338
569;1,757469244
570;1,754385965
571;1,751313485
572;1,748251748
573;1,745200698
574;1,742160279
575;1,739130435
576;1,736111111
577;1,733102253
578;1,730103806
579;1,727115717
580;1,724137931
581;1,721170396
582;1,718213058
583;1,715265866
584;1,712328767
585;1,709401709
586;1,706484642
587;1,703577513
588;1,700680272
589;1,697792869
590;1,694915254
591;1,692047377
592;1,689189189
593;1,686340641
594;1,683501684
595;1,680672269
596;1,677852349
597;1,675041876
598;1,672240803
599;1,669449082
600;1,666666667
601;1,663893511
602;1,661129568
603;1,658374793
604;1,655629139
605;1,652892562
606;1,650165017
607;1,647446458
608;1,644736842
609;1,642036125
610;1,639344262
611;1,636661211
612;1,633986928
613;1,63132137
614;1,628664495
615;1,62601626
616;1,623376623
617;1,620745543
618;1,618122977
619;1,615508885
620;1,612903226
621;1,610305958
622;1,607717042
623;1,605136437
624;1,602564103
625;1,6
626;1,59744409
627;1,594896332
628;1,592356688
629;1,589825119
630;1,587301587
631;1,584786054
632;1,582278481
633;1,579778831
634;1,577287066
635;1,57480315
636;1,572327044
637;1,569858713
638;1,567398119
639;1,564945227
640;1,5625
641;1,560062403
642;1,557632399
643;1,555209953
644;1,552795031
645;1,550387597
646;1,547987616
647;1,545595054
648;1,543209877
649;1,540832049
650;1,538461539
651;1,53609831
652;1,533742331
653;1,531393568
654;1,529051988
655;1,526717557
656;1,524390244
657;1,522070015
658;1,519756839
659;1,517450683
660;1,515151515
661;1,512859304
662;1,510574018
663;1,508295626
664;1,506024096
665;1,503759399
666;1,501501502
667;1,499250375
668;1,497005988
669;1,494768311
670;1,492537313
671;1,490312966
672;1,488095238
673;1,485884101
674;1,483679525
675;1,481481482
676;1,479289941
677;1,477104874
678;1,474926254
679;1,47275405
680;1,470588235
681;1,468428781
682;1,46627566
683;1,464128843
684;1,461988304
685;1,459854015
686;1,457725948
687;1,455604076
688;1,453488372
689;1,45137881
690;1,449275362
691;1,447178003
692;1,445086705
693;1,443001443
694;1,44092219
695;1,438848921
696;1,436781609
697;1,43472023
698;1,432664756
699;1,430615165
700;1,428571429
701;1,426533524
702;1,424501425
703;1,422475107
704;1,420454546
705;1,418439716
706;1,416430595
707;1,414427157
708;1,412429379
709;1,410437236
710;1,408450704
711;1,406469761
712;1,404494382
713;1,402524544
714;1,400560224
715;1,398601399
716;1,396648045
717;1,39470014
718;1,39275766
719;1,390820584
720;1,388888889
721;1,386962552
722;1,385041551
723;1,383125865
724;1,38121547
725;1,379310345
726;1,377410468
727;1,375515818
728;1,373626374
729;1,371742113
730;1,369863014
731;1,367989056
732;1,366120219
733;1,36425648
734;1,36239782
735;1,360544218
736;1,358695652
737;1,356852103
738;1,35501355
739;1,353179973
740;1,351351351
741;1,349527665
742;1,347708895
743;1,34589502
744;1,344086022
745;1,342281879
746;1,340482574
747;1,338688086
748;1,336898396
749;1,335113485
750;1,333333333
751;1,331557923
752;1,329787234
753;1,328021248
754;1,326259947
755;1,324503311
756;1,322751323
757;1,321003963
758;1,319261214
759;1,317523057
760;1,315789474
761;1,314060447
762;1,312335958
763;1,31061599
764;1,308900524
765;1,307189543
766;1,305483029
767;1,303780965
768;1,302083333
769;1,300390117
770;1,298701299
771;1,297016861
772;1,295336788
773;1,293661061
774;1,291989664
775;1,290322581
776;1,288659794
777;1,287001287
778;1,285347044
779;1,283697048
780;1,282051282
781;1,280409731
782;1,278772379
783;1,277139208
784;1,275510204
785;1,27388535
786;1,272264631
787;1,270648031
788;1,269035533
789;1,267427123
790;1,265822785
791;1,264222503
792;1,262626263
793;1,261034048
794;1,259445844
795;1,257861635
796;1,256281407
797;1,254705144
798;1,253132832
799;1,251564456
800;1,25
801;1,248439451
802;1,246882793
803;1,245330013
804;1,243781095
805;1,242236025
806;1,240694789
807;1,239157373
808;1,237623762
809;1,236093943
810;1,234567901
811;1,233045623
812;1,231527094
813;1,2300123
814;1,228501229
815;1,226993865
816;1,225490196
817;1,223990208
818;1,222493888
819;1,221001221
820;1,219512195
821;1,218026797
822;1,216545012
823;1,215066829
824;1,213592233
825;1,212121212
826;1,210653753
827;1,209189843
828;1,207729469
829;1,206272618
830;1,204819277
831;1,203369434
832;1,201923077
833;1,200480192
834;1,199040767
835;1,19760479
836;1,196172249
837;1,19474313
838;1,193317422
839;1,191895113
840;1,190476191
841;1,189060642
842;1,187648456
843;1,18623962
844;1,184834123
845;1,183431953
846;1,182033097
847;1,180637544
848;1,179245283
849;1,177856302
850;1,176470588
851;1,175088132
852;1,17370892
853;1,172332943
854;1,170960187
855;1,169590643
856;1,168224299
857;1,166861144
858;1,165501166
859;1,164144354
860;1,162790698
861;1,161440186
862;1,160092807
863;1,158748552
864;1,157407407
865;1,156069364
866;1,154734411
867;1,153402538
868;1,152073733
869;1,150747986
870;1,149425287
871;1,148105626
872;1,146788991
873;1,145475372
874;1,14416476
875;1,142857143
876;1,141552511
877;1,140250855
878;1,138952164
879;1,137656428
880;1,136363636
881;1,13507378
882;1,133786848
883;1,132502831
884;1,13122172
885;1,129943503
886;1,128668172
887;1,127395716
888;1,126126126
889;1,124859393
890;1,123595506
891;1,122334456
892;1,121076233
893;1,119820829
894;1,118568233
895;1,117318436
896;1,116071429
897;1,114827202
898;1,113585746
899;1,112347052
900;1,111111111
901;1,109877913
902;1,10864745
903;1,107419712
904;1,10619469
905;1,104972376
906;1,103752759
907;1,102535832
908;1,101321586
909;1,100110011
910;1,098901099
911;1,097694841
912;1,096491228
913;1,095290252
914;1,094091904
915;1,092896175
916;1,091703057
917;1,090512541
918;1,089324619
919;1,088139282
920;1,086956522
921;1,08577633
922;1,084598699
923;1,083423619
924;1,082251082
925;1,081081081
926;1,079913607
927;1,078748652
928;1,077586207
929;1,076426265
930;1,075268817
931;1,074113856
932;1,072961373
933;1,071811361
934;1,070663812
935;1,069518717
936;1,068376068
937;1,067235859
938;1,066098081
939;1,064962726
940;1,063829787
941;1,062699256
942;1,061571125
943;1,060445387
944;1,059322034
945;1,058201058
946;1,057082452
947;1,055966209
948;1,054852321
949;1,05374078
950;1,052631579
951;1,051524711
952;1,050420168
953;1,049317943
954;1,048218029
955;1,047120419
956;1,046025105
957;1,044932079
958;1,043841336
959;1,042752868
960;1,041666667
961;1,040582726
962;1,03950104
963;1,038421599
964;1,037344398
965;1,03626943
966;1,035196687
967;1,034126163
968;1,033057851
969;1,031991744
970;1,030927835
971;1,029866117
972;1,028806584
973;1,027749229
974;1,026694045
975;1,025641026
976;1,024590164
977;1,023541453
978;1,022494888
979;1,02145046
980;1,020408163
981;1,019367992
982;1,018329939
983;1,017293998
984;1,016260163
985;1,015228426
986;1,014198783
987;1,013171226
988;1,012145749
989;1,011122346
990;1,01010101
991;1,009081736
992;1,008064516
993;1,007049345
994;1,006036217
995;1,005025126
996;1,004016064
997;1,003009027
998;1,002004008
999;1,001001001
1000;1
1001;0,999000999
1002;0,998003992
1003;0,997008973
1004;0,996015936
1005;0,995024876
1006;0,994035785
1007;0,993048659
1008;0,992063492
1009;0,991080278
1010;0,99009901
1011;0,989119683
1012;0,988142292
1013;0,987166831
1014;0,986193294
1015;0,985221675
1016;0,984251969
1017;0,983284169
1018;0,982318271
1019;0,981354269
1020;0,980392157
1021;0,979431929
1022;0,978473581
1023;0,977517107
1024;0,9765625
1025;0,975609756
1026;0,974658869
1027;0,973709834
1028;0,972762646
1029;0,971817298
1030;0,970873786
1031;0,969932105
1032;0,968992248
1033;0,968054211
1034;0,967117988
1035;0,966183575
1036;0,965250965
1037;0,964320154
1038;0,963391137
1039;0,962463908
1040;0,961538462
1041;0,960614793
1042;0,959692898
1043;0,958772771
1044;0,957854406
1045;0,956937799
1046;0,956022945
1047;0,955109838
1048;0,954198473
1049;0,953288847
1050;0,952380952
1051;0,951474786
1052;0,950570342
1053;0,949667616
1054;0,948766603
1055;0,947867299
1056;0,946969697
1057;0,946073794
1058;0,945179584
1059;0,944287063
1060;0,943396226
1061;0,942507069
1062;0,941619586
1063;0,940733772
1064;0,939849624
1065;0,938967136
1066;0,938086304
1067;0,937207123
1068;0,936329588
1069;0,935453695
1070;0,934579439
1071;0,933706816
1072;0,932835821
1073;0,931966449
1074;0,931098696
1075;0,930232558
1076;0,92936803
1077;0,928505107
1078;0,927643785
1079;0,926784059
1080;0,925925926
1081;0,92506938
1082;0,924214418
1083;0,923361034
1084;0,922509225
1085;0,921658986
1086;0,920810313
1087;0,919963201
1088;0,919117647
1089;0,918273646
1090;0,917431193
1091;0,916590284
1092;0,915750916
1093;0,914913083
1094;0,914076782
1095;0,913242009
1096;0,912408759
1097;0,911577028
1098;0,910746812
1099;0,909918107
1100;0,909090909
1101;0,908265213
1102;0,907441016
1103;0,906618314
1104;0,905797101
1105;0,904977376
1106;0,904159132
1107;0,903342367
1108;0,902527076
1109;0,901713255
1110;0,900900901
1111;0,900090009
1112;0,899280576
1113;0,898472597
1114;0,897666068
1115;0,896860987
1116;0,896057348
1117;0,895255148
1118;0,894454383
1119;0,893655049
1120;0,892857143
1121;0,89206066
1122;0,891265597
1123;0,89047195
1124;0,889679715
1125;0,888888889
1126;0,888099467
1127;0,887311446
1128;0,886524823
1129;0,885739593
1130;0,884955752
1131;0,884173298
1132;0,883392226
1133;0,882612533
1134;0,881834215
1135;0,881057269
1136;0,88028169
1137;0,879507476
1138;0,878734622
1139;0,877963126
1140;0,877192982
1141;0,876424189
1142;0,875656743
1143;0,874890639
1144;0,874125874
1145;0,873362445
1146;0,872600349
1147;0,871839582
1148;0,871080139
1149;0,870322019
1150;0,869565217
1151;0,868809731
1152;0,868055556
1153;0,867302689
1154;0,866551127
1155;0,865800866
1156;0,865051903
1157;0,864304235
1158;0,863557858
1159;0,86281277
1160;0,862068966
1161;0,861326443
1162;0,860585198
1163;0,859845228
1164;0,859106529
1165;0,858369099
1166;0,857632933
1167;0,856898029
1168;0,856164384
1169;0,855431993
1170;0,854700855
1171;0,853970965
1172;0,853242321
1173;0,852514919
1174;0,851788756
1175;0,85106383
1176;0,850340136
1177;0,849617672
1178;0,848896435
1179;0,848176421
1180;0,847457627
1181;0,846740051
1182;0,846023689
1183;0,845308538
1184;0,844594595
1185;0,843881857
1186;0,84317032
1187;0,842459983
1188;0,841750842
1189;0,841042893
1190;0,840336134
1191;0,839630563
1192;0,838926175
1193;0,838222967
1194;0,837520938
1195;0,836820084
1196;0,836120401
1197;0,835421888
1198;0,834724541
1199;0,834028357
1200;0,833333333
1201;0,832639467
1202;0,831946755
1203;0,831255195
1204;0,830564784
1205;0,829875519
1206;0,829187396
1207;0,828500414
1208;0,82781457
1209;0,827129859
1210;0,826446281
1211;0,825763832
1212;0,825082508
1213;0,824402308
1214;0,823723229
1215;0,823045267
1216;0,822368421
1217;0,821692687
1218;0,821018062
1219;0,820344545
1220;0,819672131
1221;0,819000819
1222;0,818330606
1223;0,817661488
1224;0,816993464
1225;0,816326531
1226;0,815660685
1227;0,814995925
1228;0,814332248
1229;0,81366965
1230;0,81300813
1231;0,812347685
1232;0,811688312
1233;0,811030008
1234;0,810372771
1235;0,809716599
1236;0,809061489
1237;0,808407437
1238;0,807754443
1239;0,807102502
1240;0,806451613
1241;0,805801773
1242;0,805152979
1243;0,804505229
1244;0,803858521
1245;0,803212851
1246;0,802568218
1247;0,801924619
1248;0,801282051
1249;0,800640512
1250;0,8
1251;0,799360512
1252;0,798722045
1253;0,798084597
1254;0,797448166
1255;0,796812749
1256;0,796178344
1257;0,795544948
1258;0,79491256
1259;0,794281176
1260;0,793650794
1261;0,793021412
1262;0,792393027
1263;0,791765637
1264;0,791139241
1265;0,790513834
1266;0,789889415
1267;0,789265983
1268;0,788643533
1269;0,788022065
1270;0,787401575
1271;0,786782061
1272;0,786163522
1273;0,785545954
1274;0,784929356
1275;0,784313725
1276;0,78369906
1277;0,783085356
1278;0,782472613
1279;0,781860829
1280;0,78125
1281;0,780640125
1282;0,780031201
1283;0,779423227
1284;0,778816199
1285;0,778210117
1286;0,777604977
1287;0,777000777
1288;0,776397516
1289;0,77579519
1290;0,775193798
1291;0,774593339
1292;0,773993808
1293;0,773395205
1294;0,772797527
1295;0,772200772
1296;0,771604938
1297;0,771010023
1298;0,770416025
1299;0,769822941
1300;0,769230769
1301;0,768639508
1302;0,768049155
1303;0,767459708
1304;0,766871166
1305;0,766283525
1306;0,765696784
1307;0,765110941
1308;0,764525994
1309;0,76394194
1310;0,763358779
1311;0,762776506
1312;0,762195122
1313;0,761614623
1314;0,761035008
1315;0,760456274
1316;0,759878419
1317;0,759301443
1318;0,758725341
1319;0,758150114
1320;0,757575758
1321;0,757002271
1322;0,756429652
1323;0,755857899
1324;0,755287009
1325;0,754716981
1326;0,754147813
1327;0,753579503
1328;0,753012048
1329;0,752445448
1330;0,751879699
1331;0,751314801
1332;0,750750751
1333;0,750187547
1334;0,749625187
1335;0,74906367
1336;0,748502994
1337;0,747943156
1338;0,747384155
1339;0,74682599
1340;0,746268657
1341;0,745712155
1342;0,745156483
1343;0,744601638
1344;0,744047619
1345;0,743494424
1346;0,742942051
1347;0,742390497
1348;0,741839763
1349;0,741289844
1350;0,740740741
1351;0,74019245
1352;0,73964497
1353;0,7390983
1354;0,738552437
1355;0,73800738
1356;0,737463127
1357;0,736919676
1358;0,736377025
1359;0,735835173
1360;0,735294118
1361;0,734753857
1362;0,734214391
1363;0,733675715
1364;0,73313783
1365;0,732600733
1366;0,732064422
1367;0,731528895
1368;0,730994152
1369;0,73046019
1370;0,729927007
1371;0,729394602
1372;0,728862974
1373;0,728332119
1374;0,727802038
1375;0,727272727
1376;0,726744186
1377;0,726216412
1378;0,725689405
1379;0,725163162
1380;0,724637681
1381;0,724112962
1382;0,723589001
1383;0,723065799
1384;0,722543353
1385;0,722021661
1386;0,721500722
1387;0,720980534
1388;0,720461095
1389;0,719942405
1390;0,71942446
1391;0,718907261
1392;0,718390805
1393;0,71787509
1394;0,717360115
1395;0,716845878
1396;0,716332378
1397;0,715819613
1398;0,715307582
1399;0,714796283
1400;0,714285714
1401;0,713775874
1402;0,713266762
1403;0,712758375
1404;0,712250712
1405;0,711743772
1406;0,711237553
1407;0,710732054
1408;0,710227273
1409;0,709723208
1410;0,709219858
1411;0,708717222
1412;0,708215297
1413;0,707714084
1414;0,707213579
1415;0,706713781
1416;0,706214689
1417;0,705716302
1418;0,705218618
1419;0,704721635
1420;0,704225352
1421;0,703729768
1422;0,70323488
1423;0,702740689
1424;0,702247191
1425;0,701754386
1426;0,701262272
1427;0,700770848
1428;0,700280112
1429;0,699790063
1430;0,699300699
1431;0,69881202
1432;0,698324022
1433;0,697836706
1434;0,69735007
1435;0,696864112
1436;0,69637883
1437;0,695894224
1438;0,695410292
1439;0,694927033
1440;0,694444444
1441;0,693962526
1442;0,693481276
1443;0,693000693
1444;0,692520776
1445;0,692041522
1446;0,691562932
1447;0,691085003
1448;0,690607735
1449;0,690131125
1450;0,689655172
1451;0,689179876
1452;0,688705234
1453;0,688231246
1454;0,687757909
1455;0,687285223
1456;0,686813187
1457;0,686341798
1458;0,685871056
1459;0,68540096
1460;0,684931507
1461;0,684462697
1462;0,683994528
1463;0,683526999
1464;0,683060109
1465;0,682593857
1466;0,68212824
1467;0,681663258
1468;0,68119891
1469;0,680735194
1470;0,680272109
1471;0,679809653
1472;0,679347826
1473;0,678886626
1474;0,678426052
1475;0,677966102
1476;0,677506775
1477;0,67704807
1478;0,676589986
1479;0,676132522
1480;0,675675676
1481;0,675219446
1482;0,674763833
1483;0,674308833
1484;0,673854447
1485;0,673400673
1486;0,67294751
1487;0,672494956
1488;0,672043011
1489;0,671591672
1490;0,67114094
1491;0,670690812
1492;0,670241287
1493;0,669792364
1494;0,669344043
1495;0,668896321
1496;0,668449198
1497;0,668002672
1498;0,667556742
1499;0,667111408
1500;0,666666667
1501;0,666222518
1502;0,665778961
1503;0,665335995
1504;0,664893617
1505;0,664451827
1506;0,664010624
1507;0,663570007
1508;0,663129973
1509;0,662690524
1510;0,662251656
1511;0,661813369
1512;0,661375661
1513;0,660938533
1514;0,660501982
1515;0,660066007
1516;0,659630607
1517;0,659195781
1518;0,658761528
1519;0,658327847
1520;0,657894737
1521;0,657462196
1522;0,657030223
1523;0,656598818
1524;0,656167979
1525;0,655737705
1526;0,655307995
1527;0,654878847
1528;0,654450262
1529;0,654022237
1530;0,653594771
1531;0,653167864
1532;0,652741514
1533;0,652315721
1534;0,651890482
1535;0,651465798
1536;0,651041667
1537;0,650618087
1538;0,650195059
1539;0,64977258
1540;0,649350649
1541;0,648929267
1542;0,648508431
1543;0,64808814
1544;0,647668394
1545;0,647249191
1546;0,64683053
1547;0,646412411
1548;0,645994832
1549;0,645577792
1550;0,64516129
1551;0,644745326
1552;0,644329897
1553;0,643915003
1554;0,643500644
1555;0,643086817
1556;0,642673522
1557;0,642260758
1558;0,641848524
1559;0,641436818
1560;0,641025641
1561;0,64061499
1562;0,640204866
1563;0,639795266
1564;0,639386189
1565;0,638977636
1566;0,638569604
1567;0,638162093
1568;0,637755102
1569;0,63734863
1570;0,636942675
1571;0,636537237
1572;0,636132316
1573;0,635727908
1574;0,635324015
1575;0,634920635
1576;0,634517767
1577;0,634115409
1578;0,633713561
1579;0,633312223
1580;0,632911392
1581;0,632511069
1582;0,632111252
1583;0,631711939
1584;0,631313131
1585;0,630914827
1586;0,630517024
1587;0,630119723
1588;0,629722922
1589;0,629326621
1590;0,628930818
1591;0,628535512
1592;0,628140704
1593;0,62774639
1594;0,627352572
1595;0,626959248
1596;0,626566416
1597;0,626174076
1598;0,625782228
1599;0,625390869
1600;0,625
1601;0,624609619
1602;0,624219725
1603;0,623830318
1604;0,623441397
1605;0,62305296
1606;0,622665006
1607;0,622277536
1608;0,621890547
1609;0,62150404
1610;0,621118012
1611;0,620732464
1612;0,620347395
1613;0,619962802
1614;0,619578686
1615;0,619195046
1616;0,618811881
1617;0,61842919
1618;0,618046972
1619;0,617665225
1620;0,617283951
1621;0,616903146
1622;0,616522811
1623;0,616142945
1624;0,615763547
1625;0,615384615
1626;0,61500615
1627;0,61462815
1628;0,614250614
1629;0,613873542
1630;0,613496933
1631;0,613120785
1632;0,612745098
1633;0,612369871
1634;0,611995104
1635;0,611620795
1636;0,611246944
1637;0,610873549
1638;0,610500611
1639;0,610128127
1640;0,609756098
1641;0,609384522
1642;0,609013398
1643;0,608642727
1644;0,608272506
1645;0,607902736
1646;0,607533414
1647;0,607164542
1648;0,606796117
1649;0,606428138
1650;0,606060606
1651;0,605693519
1652;0,605326877
1653;0,604960678
1654;0,604594921
1655;0,604229607
1656;0,603864734
1657;0,603500302
1658;0,603136309
1659;0,602772755
1660;0,602409639
1661;0,60204696
1662;0,601684717
1663;0,60132291
1664;0,600961538
1665;0,600600601
1666;0,600240096
1667;0,599880024
1668;0,599520384
1669;0,599161174
1670;0,598802395
1671;0,598444045
1672;0,598086124
1673;0,597728631
1674;0,597371565
1675;0,597014925
1676;0,596658711
1677;0,596302922
1678;0,595947557
1679;0,595592615
1680;0,595238095
1681;0,594883998
1682;0,594530321
1683;0,594177065
1684;0,593824228
1685;0,59347181
1686;0,59311981
1687;0,592768228
1688;0,592417062
1689;0,592066311
1690;0,591715976
1691;0,591366056
1692;0,591016548
1693;0,590667454
1694;0,590318772
1695;0,589970501
1696;0,589622642
1697;0,589275192
1698;0,588928151
1699;0,588581519
1700;0,588235294
1701;0,587889477
1702;0,587544066
1703;0,58719906
1704;0,58685446
1705;0,586510264
1706;0,586166471
1707;0,585823081
1708;0,585480094
1709;0,585137507
1710;0,584795322
1711;0,584453536
1712;0,58411215
1713;0,583771162
1714;0,583430572
1715;0,583090379
1716;0,582750583
1717;0,582411182
1718;0,582072177
1719;0,581733566
1720;0,581395349
1721;0,581057525
1722;0,580720093
1723;0,580383053
1724;0,580046404
1725;0,579710145
1726;0,579374276
1727;0,579038796
1728;0,578703704
1729;0,578368999
1730;0,578034682
1731;0,577700751
1732;0,577367206
1733;0,577034045
1734;0,576701269
1735;0,576368876
1736;0,576036866
1737;0,575705239
1738;0,575373993
1739;0,575043128
1740;0,574712644
1741;0,574382539
1742;0,574052813
1743;0,573723465
1744;0,573394495
1745;0,573065903
1746;0,572737686
1747;0,572409845
1748;0,57208238
1749;0,571755289
1750;0,571428571
1751;0,571102227
1752;0,570776256
1753;0,570450656
1754;0,570125428
1755;0,56980057
1756;0,569476082
1757;0,569151964
1758;0,568828214
1759;0,568504832
1760;0,568181818
1761;0,567859171
1762;0,56753689
1763;0,567214974
1764;0,566893424
1765;0,566572238
1766;0,566251416
1767;0,565930956
1768;0,56561086
1769;0,565291125
1770;0,564971751
1771;0,564652739
1772;0,564334086
1773;0,564015792
1774;0,563697858
1775;0,563380282
1776;0,563063063
1777;0,562746201
1778;0,562429696
1779;0,562113547
1780;0,561797753
1781;0,561482313
1782;0,561167228
1783;0,560852496
1784;0,560538117
1785;0,56022409
1786;0,559910414
1787;0,55959709
1788;0,559284116
1789;0,558971492
1790;0,558659218
1791;0,558347292
1792;0,558035714
1793;0,557724484
1794;0,557413601
1795;0,557103064
1796;0,556792873
1797;0,556483027
1798;0,556173526
1799;0,555864369
1800;0,555555556
1801;0,555247085
1802;0,554938957
1803;0,55463117
1804;0,554323725
1805;0,554016621
1806;0,553709856
1807;0,553403431
1808;0,553097345
1809;0,552791598
1810;0,552486188
1811;0,552181115
1812;0,55187638
1813;0,55157198
1814;0,551267916
1815;0,550964187
1816;0,550660793
1817;0,550357733
1818;0,550055006
1819;0,549752611
1820;0,549450549
1821;0,549148819
1822;0,54884742
1823;0,548546352
1824;0,548245614
1825;0,547945205
1826;0,547645126
1827;0,547345375
1828;0,547045952
1829;0,546746856
1830;0,546448087
1831;0,546149645
1832;0,545851528
1833;0,545553737
1834;0,54525627
1835;0,544959128
1836;0,544662309
1837;0,544365814
1838;0,544069641
1839;0,54377379
1840;0,543478261
1841;0,543183053
1842;0,542888165
1843;0,542593597
1844;0,542299349
1845;0,54200542
1846;0,541711809
1847;0,541418517
1848;0,541125541
1849;0,540832883
1850;0,540540541
1851;0,540248514
1852;0,539956803
1853;0,539665407
1854;0,539374326
1855;0,539083558
1856;0,538793103
1857;0,538502962
1858;0,538213132
1859;0,537923615
1860;0,537634409
1861;0,537345513
1862;0,537056928
1863;0,536768653
1864;0,536480687
1865;0,536193029
1866;0,535905681
1867;0,53561864
1868;0,535331906
1869;0,535045479
1870;0,534759358
1871;0,534473544
1872;0,534188034
1873;0,53390283
1874;0,53361793
1875;0,533333333
1876;0,533049041
1877;0,532765051
1878;0,532481363
1879;0,532197978
1880;0,531914894
1881;0,531632111
1882;0,531349628
1883;0,531067446
1884;0,530785563
1885;0,530503979
1886;0,530222694
1887;0,529941706
1888;0,529661017
1889;0,529380625
1890;0,529100529
1891;0,52882073
1892;0,528541226
1893;0,528262018
1894;0,527983105
1895;0,527704485
1896;0,52742616
1897;0,527148129
1898;0,52687039
1899;0,526592944
1900;0,526315789
1901;0,526038927
1902;0,525762355
1903;0,525486075
1904;0,525210084
1905;0,524934383
1906;0,524658972
1907;0,524383849
1908;0,524109015
1909;0,523834468
1910;0,523560209
1911;0,523286238
1912;0,523012552
1913;0,522739153
1914;0,52246604
1915;0,522193211
1916;0,521920668
1917;0,521648409
1918;0,521376434
1919;0,521104742
1920;0,520833333
1921;0,520562207
1922;0,520291363
1923;0,520020801
1924;0,51975052
1925;0,519480519
1926;0,5192108
1927;0,51894136
1928;0,518672199
1929;0,518403318
1930;0,518134715
1931;0,51786639
1932;0,517598344
1933;0,517330574
1934;0,517063082
1935;0,516795866
1936;0,516528926
1937;0,516262261
1938;0,515995872
1939;0,515729758
1940;0,515463918
1941;0,515198351
1942;0,514933059
1943;0,514668039
1944;0,514403292
1945;0,514138817
1946;0,513874615
1947;0,513610683
1948;0,513347023
1949;0,513083633
1950;0,512820513
1951;0,512557663
1952;0,512295082
1953;0,51203277
1954;0,511770727
1955;0,511508951
1956;0,511247444
1957;0,510986203
1958;0,51072523
1959;0,510464523
1960;0,510204082
1961;0,509943906
1962;0,509683996
1963;0,50942435
1964;0,509164969
1965;0,508905852
1966;0,508646999
1967;0,508388409
1968;0,508130081
1969;0,507872016
1970;0,507614213
1971;0,507356672
1972;0,507099391
1973;0,506842372
1974;0,506585613
1975;0,506329114
1976;0,506072874
1977;0,505816894
1978;0,505561173
1979;0,50530571
1980;0,505050505
1981;0,504795558
1982;0,504540868
1983;0,504286435
1984;0,504032258
1985;0,503778338
1986;0,503524673
1987;0,503271263
1988;0,503018109
1989;0,502765209
1990;0,502512563
1991;0,502260171
1992;0,502008032
1993;0,501756147
1994;0,501504514
1995;0,501253133
1996;0,501002004
1997;0,500751127
1998;0,500500501
1999;0,500250125
2000;0,5
2001;0,499750125
2002;0,4995005
2003;0,499251123
2004;0,499001996
2005;0,498753117
2006;0,498504487
2007;0,498256104
2008;0,498007968
2009;0,49776008
2010;0,497512438
2011;0,497265042
2012;0,497017893
2013;0,496770989
2014;0,49652433
2015;0,496277916
2016;0,496031746
2017;0,495785821
2018;0,495540139
2019;0,4952947
2020;0,495049505
2021;0,494804552
2022;0,494559842
2023;0,494315373
2024;0,494071146
2025;0,49382716
2026;0,493583416
2027;0,493339911
2028;0,493096647
2029;0,492853622
2030;0,492610837
2031;0,492368291
2032;0,492125984
2033;0,491883915
2034;0,491642085
2035;0,491400491
2036;0,491159136
2037;0,490918017
2038;0,490677134
2039;0,490436488
2040;0,490196078
2041;0,489955904
2042;0,489715965
2043;0,48947626
2044;0,489236791
2045;0,488997555
2046;0,488758553
2047;0,488519785
2048;0,48828125
2049;0,488042948
2050;0,487804878
2051;0,48756704
2052;0,487329435
2053;0,48709206
2054;0,486854917
2055;0,486618005
2056;0,486381323
2057;0,486144871
2058;0,485908649
2059;0,485672657
2060;0,485436893
2061;0,485201359
2062;0,484966052
2063;0,484730974
2064;0,484496124
2065;0,484261501
2066;0,484027106
2067;0,483792937
2068;0,483558994
2069;0,483325278
2070;0,483091787
2071;0,482858522
2072;0,482625483
2073;0,482392668
2074;0,482160077
2075;0,481927711
2076;0,481695568
2077;0,481463649
2078;0,481231954
2079;0,481000481
2080;0,480769231
2081;0,480538203
2082;0,480307397
2083;0,480076812
2084;0,479846449
2085;0,479616307
2086;0,479386385
2087;0,479156684
2088;0,478927203
2089;0,478697942
2090;0,4784689
2091;0,478240077
2092;0,478011472
2093;0,477783086
2094;0,477554919
2095;0,477326969
2096;0,477099237
2097;0,476871722
2098;0,476644423
2099;0,476417342
2100;0,476190476
2101;0,475963827
2102;0,475737393
2103;0,475511175
2104;0,475285171
2105;0,475059382
2106;0,474833808
2107;0,474608448
2108;0,474383302
2109;0,474158369
2110;0,473933649
2111;0,473709143
2112;0,473484848
2113;0,473260767
2114;0,473036897
2115;0,472813239
2116;0,472589792
2117;0,472366556
2118;0,472143532
2119;0,471920717
2120;0,471698113
2121;0,471475719
2122;0,471253534
2123;0,471031559
2124;0,470809793
2125;0,470588235
2126;0,470366886
2127;0,470145745
2128;0,469924812
2129;0,469704086
2130;0,469483568
2131;0,469263257
2132;0,469043152
2133;0,468823254
2134;0,468603561
2135;0,468384075
2136;0,468164794
2137;0,467945718
2138;0,467726848
2139;0,467508181
2140;0,46728972
2141;0,467071462
2142;0,466853408
2143;0,466635558
2144;0,46641791
2145;0,466200466
2146;0,465983225
2147;0,465766185
2148;0,465549348
2149;0,465332713
2150;0,465116279
2151;0,464900046
2152;0,464684015
2153;0,464468184
2154;0,464252553
2155;0,464037123
2156;0,463821892
2157;0,463606861
2158;0,46339203
2159;0,463177397
2160;0,462962963
2161;0,462748727
2162;0,46253469
2163;0,462320851
2164;0,462107209
2165;0,461893764
2166;0,461680517
2167;0,461467467
2168;0,461254613
2169;0,461041955
2170;0,460829493
2171;0,460617227
2172;0,460405157
2173;0,460193281
2174;0,459981601
2175;0,459770115
2176;0,459558824
2177;0,459347726
2178;0,459136823
2179;0,458926113
2180;0,458715596
2181;0,458505273
2182;0,458295142
2183;0,458085204
2184;0,457875458
2185;0,457665904
2186;0,457456542
2187;0,457247371
2188;0,457038391
2189;0,456829603
2190;0,456621005
2191;0,456412597
2192;0,45620438
2193;0,455996352
2194;0,455788514
2195;0,455580866
2196;0,455373406
2197;0,455166136
2198;0,454959054
2199;0,45475216
2200;0,454545455
2201;0,454338937
2202;0,454132607
2203;0,453926464
2204;0,453720508
2205;0,453514739
2206;0,453309157
2207;0,453103761
2208;0,452898551
2209;0,452693526
2210;0,452488688
2211;0,452284034
2212;0,452079566
2213;0,451875282
2214;0,451671183
2215;0,451467269
2216;0,451263538
2217;0,451059991
2218;0,450856628
2219;0,450653448
2220;0,45045045
2221;0,450247636
2222;0,450045005
2223;0,449842555
2224;0,449640288
2225;0,449438202
2226;0,449236298
2227;0,449034576
2228;0,448833034
2229;0,448631673
2230;0,448430493
2231;0,448229494
2232;0,448028674
2233;0,447828034
2234;0,447627574
2235;0,447427293
2236;0,447227191
2237;0,447027269
2238;0,446827525
2239;0,446627959
2240;0,446428571
2241;0,446229362
2242;0,44603033
2243;0,445831476
2244;0,445632799
2245;0,445434298
2246;0,445235975
2247;0,445037828
2248;0,444839858
2249;0,444642063
2250;0,444444444
2251;0,444247001
2252;0,444049734
2253;0,443852641
2254;0,443655723
2255;0,44345898
2256;0,443262411
2257;0,443066017
2258;0,442869796
2259;0,442673749
2260;0,442477876
2261;0,442282176
2262;0,442086649
2263;0,441891295
2264;0,441696113
2265;0,441501104
2266;0,441306267
2267;0,441111601
2268;0,440917108
2269;0,440722785
2270;0,440528634
2271;0,440334654
2272;0,440140845
2273;0,439947206
2274;0,439753738
2275;0,43956044
2276;0,439367311
2277;0,439174352
2278;0,438981563
2279;0,438788943
2280;0,438596491
2281;0,438404209
2282;0,438212095
2283;0,438020149
2284;0,437828371
2285;0,437636761
2286;0,437445319
2287;0,437254045
2288;0,437062937
2289;0,436871997
2290;0,436681223
2291;0,436490615
2292;0,436300175
2293;0,4361099
2294;0,435919791
2295;0,435729847
2296;0,43554007
2297;0,435350457
2298;0,43516101
2299;0,434971727
2300;0,434782609
2301;0,434593655
2302;0,434404865
2303;0,43421624
2304;0,434027778
2305;0,433839479
2306;0,433651344
2307;0,433463372
2308;0,433275563
2309;0,433087917
2310;0,432900433
2311;0,432713111
2312;0,432525952
2313;0,432338954
2314;0,432152118
2315;0,431965443
2316;0,431778929
2317;0,431592577
2318;0,431406385
2319;0,431220354
2320;0,431034483
2321;0,430848772
2322;0,430663221
2323;0,43047783
2324;0,430292599
2325;0,430107527
2326;0,429922614
2327;0,42973786
2328;0,429553265
2329;0,429368828
2330;0,429184549
2331;0,429000429
2332;0,428816467
2333;0,428632662
2334;0,428449015
2335;0,428265525
2336;0,428082192
2337;0,427899016
2338;0,427715997
2339;0,427533134
2340;0,427350427
2341;0,427167877
2342;0,426985482
2343;0,426803244
2344;0,42662116
2345;0,426439232
2346;0,42625746
2347;0,426075842
2348;0,425894378
2349;0,425713069
2350;0,425531915
2351;0,425350915
2352;0,425170068
2353;0,424989375
2354;0,424808836
2355;0,42462845
2356;0,424448217
2357;0,424268137
2358;0,42408821
2359;0,423908436
2360;0,423728814
2361;0,423549344
2362;0,423370025
2363;0,423190859
2364;0,423011844
2365;0,422832981
2366;0,422654269
2367;0,422475708
2368;0,422297297
2369;0,422119038
2370;0,421940928
2371;0,421762969
2372;0,42158516
2373;0,421407501
2374;0,421229992
2375;0,421052632
2376;0,420875421
2377;0,420698359
2378;0,420521447
2379;0,420344683
2380;0,420168067
2381;0,4199916
2382;0,419815281
2383;0,41963911
2384;0,419463087
2385;0,419287212
2386;0,419111484
2387;0,418935903
2388;0,418760469
2389;0,418585182
2390;0,418410042
2391;0,418235048
2392;0,418060201
2393;0,417885499
2394;0,417710944
2395;0,417536534
2396;0,41736227
2397;0,417188152
2398;0,417014178
2399;0,41684035
2400;0,416666667
2401;0,416493128
2402;0,416319734
2403;0,416146484
2404;0,415973378
2405;0,415800416
2406;0,415627598
2407;0,415454923
2408;0,415282392
2409;0,415110004
2410;0,414937759
2411;0,414765657
2412;0,414593698
2413;0,414421881
2414;0,414250207
2415;0,414078675
2416;0,413907285
2417;0,413736036
2418;0,41356493
2419;0,413393964
2420;0,413223141
2421;0,413052458
2422;0,412881916
2423;0,412711515
2424;0,412541254
2425;0,412371134
2426;0,412201154
2427;0,412031314
2428;0,411861615
2429;0,411692054
2430;0,411522634
2431;0,411353353
2432;0,411184211
2433;0,411015208
2434;0,410846343
2435;0,410677618
2436;0,410509031
2437;0,410340583
2438;0,410172272
2439;0,4100041
2440;0,409836066
2441;0,409668169
2442;0,40950041
2443;0,409332788
2444;0,409165303
2445;0,408997955
2446;0,408830744
2447;0,40866367
2448;0,408496732
2449;0,408329931
2450;0,408163265
2451;0,407996736
2452;0,407830343
2453;0,407664085
2454;0,407497963
2455;0,407331976
2456;0,407166124
2457;0,407000407
2458;0,406834825
2459;0,406669378
2460;0,406504065
2461;0,406338887
2462;0,406173842
2463;0,406008932
2464;0,405844156
2465;0,405679513
2466;0,405515004
2467;0,405350628
2468;0,405186386
2469;0,405022276
2470;0,4048583
2471;0,404694456
2472;0,404530744
2473;0,404367165
2474;0,404203719
2475;0,404040404
2476;0,403877221
2477;0,40371417
2478;0,403551251
2479;0,403388463
2480;0,403225806
2481;0,403063281
2482;0,402900886
2483;0,402738623
2484;0,40257649
2485;0,402414487
2486;0,402252615
2487;0,402090873
2488;0,40192926
2489;0,401767778
2490;0,401606426
2491;0,401445203
2492;0,401284109
2493;0,401123145
2494;0,40096231
2495;0,400801603
2496;0,400641026
2497;0,400480577
2498;0,400320256
2499;0,400160064
2500;0,4
2501;0,399840064
2502;0,399680256
2503;0,399520575
2504;0,399361022
2505;0,399201597
2506;0,399042298
2507;0,398883127
2508;0,398724083
2509;0,398565165
2510;0,398406375
2511;0,39824771
2512;0,398089172
2513;0,39793076
2514;0,397772474
2515;0,397614314
2516;0,39745628
2517;0,397298371
2518;0,397140588
2519;0,39698293
2520;0,396825397
2521;0,396667989
2522;0,396510706
2523;0,396353547
2524;0,396196513
2525;0,396039604
2526;0,395882819
2527;0,395726158
2528;0,39556962
2529;0,395413207
2530;0,395256917
2531;0,395100751
2532;0,394944708
2533;0,394788788
2534;0,394632991
2535;0,394477318
2536;0,394321767
2537;0,394166338
2538;0,394011032
2539;0,393855849
2540;0,393700787
2541;0,393545848
2542;0,393391031
2543;0,393236335
2544;0,393081761
2545;0,392927308
2546;0,392772977
2547;0,392618767
2548;0,392464678
2549;0,39231071
2550;0,392156863
2551;0,392003136
2552;0,39184953
2553;0,391696044
2554;0,391542678
2555;0,391389432
2556;0,391236307
2557;0,391083301
2558;0,390930414
2559;0,390777648
2560;0,390625
2561;0,390472472
2562;0,390320062
2563;0,390167772
2564;0,390015601
2565;0,389863548
2566;0,389711613
2567;0,389559797
2568;0,3894081
2569;0,38925652
2570;0,389105058
2571;0,388953715
2572;0,388802488
2573;0,38865138
2574;0,388500389
2575;0,388349515
2576;0,388198758
2577;0,388048118
2578;0,387897595
2579;0,387747189
2580;0,387596899
2581;0,387446726
2582;0,387296669
2583;0,387146729
2584;0,386996904
2585;0,386847195
2586;0,386697602
2587;0,386548125
2588;0,386398764
2589;0,386249517
2590;0,386100386
2591;0,38595137
2592;0,385802469
2593;0,385653683
2594;0,385505012
2595;0,385356455
2596;0,385208012
2597;0,385059684
2598;0,38491147
2599;0,384763371
2600;0,384615385
2601;0,384467513
2602;0,384319754
2603;0,384172109
2604;0,384024578
2605;0,383877159
2606;0,383729854
2607;0,383582662
2608;0,383435583
2609;0,383288616
2610;0,383141762
2611;0,382995021
2612;0,382848392
2613;0,382701875
2614;0,382555471
2615;0,382409178
2616;0,382262997
2617;0,382116928
2618;0,38197097
2619;0,381825124
2620;0,381679389
2621;0,381533766
2622;0,381388253
2623;0,381242852
2624;0,381097561
2625;0,380952381
2626;0,380807312
2627;0,380662352
2628;0,380517504
2629;0,380372765
2630;0,380228137
2631;0,380083618
2632;0,37993921
2633;0,379794911
2634;0,379650721
2635;0,379506641
2636;0,379362671
2637;0,379218809
2638;0,379075057
2639;0,378931413
2640;0,378787879
2641;0,378644453
2642;0,378501136
2643;0,378357927
2644;0,378214826
2645;0,378071834
2646;0,377928949
2647;0,377786173
2648;0,377643505
2649;0,377500944
2650;0,377358491
2651;0,377216145
2652;0,377073906
2653;0,376931775
2654;0,376789751
2655;0,376647834
2656;0,376506024
2657;0,376364321
2658;0,376222724
2659;0,376081234
2660;0,37593985
2661;0,375798572
2662;0,3756574
2663;0,375516335
2664;0,375375375
2665;0,375234522
2666;0,375093773
2667;0,374953131
2668;0,374812594
2669;0,374672162
2670;0,374531835
2671;0,374391614
2672;0,374251497
2673;0,374111485
2674;0,373971578
2675;0,373831776
2676;0,373692078
2677;0,373552484
2678;0,373412995
2679;0,37327361
2680;0,373134328
2681;0,372995151
2682;0,372856078
2683;0,372717108
2684;0,372578241
2685;0,372439479
2686;0,372300819
2687;0,372162263
2688;0,37202381
2689;0,371885459
2690;0,371747212
2691;0,371609067
2692;0,371471025
2693;0,371333086
2694;0,371195249
2695;0,371057514
2696;0,370919881
2697;0,370782351
2698;0,370644922
2699;0,370507595
2700;0,37037037
2701;0,370233247
2702;0,370096225
2703;0,369959304
2704;0,369822485
2705;0,369685767
2706;0,36954915
2707;0,369412634
2708;0,369276219
2709;0,369139904
2710;0,36900369
2711;0,368867577
2712;0,368731563
2713;0,368595651
2714;0,368459838
2715;0,368324125
2716;0,368188513
2717;0,368053
2718;0,367917586
2719;0,367782273
2720;0,367647059
2721;0,367511944
2722;0,367376929
2723;0,367242012
2724;0,367107195
2725;0,366972477
2726;0,366837858
2727;0,366703337
2728;0,366568915
2729;0,366434591
2730;0,366300366
2731;0,366166239
2732;0,366032211
2733;0,36589828
2734;0,365764448
2735;0,365630713
2736;0,365497076
2737;0,365363537
2738;0,365230095
2739;0,365096751
2740;0,364963504
2741;0,364830354
2742;0,364697301
2743;0,364564346
2744;0,364431487
2745;0,364298725
2746;0,36416606
2747;0,364033491
2748;0,363901019
2749;0,363768643
2750;0,363636364
2751;0,36350418
2752;0,363372093
2753;0,363240102
2754;0,363108206
2755;0,362976407
2756;0,362844702
2757;0,362713094
2758;0,362581581
2759;0,362450163
2760;0,362318841
2761;0,362187613
2762;0,362056481
2763;0,361925443
2764;0,361794501
2765;0,361663653
2766;0,361532899
2767;0,361402241
2768;0,361271676
2769;0,361141206
2770;0,36101083
2771;0,360880549
2772;0,360750361
2773;0,360620267
2774;0,360490267
2775;0,36036036
2776;0,360230548
2777;0,360100828
2778;0,359971202
2779;0,35984167
2780;0,35971223
2781;0,359582884
2782;0,35945363
2783;0,35932447
2784;0,359195402
2785;0,359066427
2786;0,358937545
2787;0,358808755
2788;0,358680057
2789;0,358551452
2790;0,358422939
2791;0,358294518
2792;0,358166189
2793;0,358037952
2794;0,357909807
2795;0,357781753
2796;0,357653791
2797;0,357525921
2798;0,357398142
2799;0,357270454
2800;0,357142857
2801;0,357015352
2802;0,356887937
2803;0,356760614
2804;0,356633381
2805;0,356506239
2806;0,356379187
2807;0,356252227
2808;0,356125356
2809;0,355998576
2810;0,355871886
2811;0,355745286
2812;0,355618777
2813;0,355492357
2814;0,355366027
2815;0,355239787
2816;0,355113636
2817;0,354987575
2818;0,354861604
2819;0,354735722
2820;0,354609929
2821;0,354484225
2822;0,354358611
2823;0,354233085
2824;0,354107649
2825;0,353982301
2826;0,353857042
2827;0,353731871
2828;0,353606789
2829;0,353481796
2830;0,35335689
2831;0,353232073
2832;0,353107345
2833;0,352982704
2834;0,352858151
2835;0,352733686
2836;0,352609309
2837;0,352485019
2838;0,352360817
2839;0,352236703
2840;0,352112676
2841;0,351988736
2842;0,351864884
2843;0,351741119
2844;0,35161744
2845;0,351493849
2846;0,351370344
2847;0,351246927
2848;0,351123596
2849;0,351000351
2850;0,350877193
2851;0,350754121
2852;0,350631136
2853;0,350508237
2854;0,350385424
2855;0,350262697
2856;0,350140056
2857;0,350017501
2858;0,349895031
2859;0,349772648
2860;0,34965035
2861;0,349528137
2862;0,34940601
2863;0,349283968
2864;0,349162011
2865;0,34904014
2866;0,348918353
2867;0,348796652
2868;0,348675035
2869;0,348553503
2870;0,348432056
2871;0,348310693
2872;0,348189415
2873;0,348068221
2874;0,347947112
2875;0,347826087
2876;0,347705146
2877;0,347584289
2878;0,347463516
2879;0,347342827
2880;0,347222222
2881;0,347101701
2882;0,346981263
2883;0,346860909
2884;0,346740638
2885;0,346620451
2886;0,346500347
2887;0,346380326
2888;0,346260388
2889;0,346140533
2890;0,346020761
2891;0,345901072
2892;0,345781466
2893;0,345661943
2894;0,345542502
2895;0,345423143
2896;0,345303867
2897;0,345184674
2898;0,345065562
2899;0,344946533
2900;0,344827586
2901;0,344708721
2902;0,344589938
2903;0,344471237
2904;0,344352617
2905;0,344234079
2906;0,344115623
2907;0,343997248
2908;0,343878955
2909;0,343760743
2910;0,343642612
2911;0,343524562
2912;0,343406593
2913;0,343288706
2914;0,343170899
2915;0,343053173
2916;0,342935528
2917;0,342817964
2918;0,34270048
2919;0,342583076
2920;0,342465753
2921;0,342348511
2922;0,342231348
2923;0,342114266
2924;0,341997264
2925;0,341880342
2926;0,3417635
2927;0,341646737
2928;0,341530055
2929;0,341413452
2930;0,341296928
2931;0,341180484
2932;0,34106412
2933;0,340947835
2934;0,340831629
2935;0,340715503
2936;0,340599455
2937;0,340483487
2938;0,340367597
2939;0,340251786
2940;0,340136054
2941;0,340020401
2942;0,339904827
2943;0,339789331
2944;0,339673913
2945;0,339558574
2946;0,339443313
2947;0,33932813
2948;0,339213026
2949;0,339097999
2950;0,338983051
2951;0,33886818
2952;0,338753388
2953;0,338638673
2954;0,338524035
2955;0,338409475
2956;0,338294993
2957;0,338180588
2958;0,338066261
2959;0,337952011
2960;0,337837838
2961;0,337723742
2962;0,337609723
2963;0,337495781
2964;0,337381916
2965;0,337268128
2966;0,337154417
2967;0,337040782
2968;0,336927224
2969;0,336813742
2970;0,336700337
2971;0,336587008
2972;0,336473755
2973;0,336360579
2974;0,336247478
2975;0,336134454
2976;0,336021505
2977;0,335908633
2978;0,335795836
2979;0,335683115
2980;0,33557047
2981;0,3354579
2982;0,335345406
2983;0,335232987
2984;0,335120643
2985;0,335008375
2986;0,334896182
2987;0,334784064
2988;0,334672021
2989;0,334560054
2990;0,334448161
2991;0,334336342
2992;0,334224599
2993;0,33411293
2994;0,334001336
2995;0,333889816
2996;0,333778371
2997;0,333667
2998;0,333555704
2999;0,333444481
3000;0,333333333
3001;0,333222259
3002;0,333111259
3003;0,333000333
3004;0,332889481
3005;0,332778702
3006;0,332667997
3007;0,332557366
3008;0,332446809
3009;0,332336324
3010;0,332225914
3011;0,332115576
3012;0,332005312
3013;0,331895121
3014;0,331785003
3015;0,331674959
3016;0,331564987
3017;0,331455088
3018;0,331345262
3019;0,331235508
3020;0,331125828
3021;0,33101622
3022;0,330906684
3023;0,330797221
3024;0,330687831
3025;0,330578512
3026;0,330469266
3027;0,330360093
3028;0,330250991
3029;0,330141961
3030;0,330033003
3031;0,329924117
3032;0,329815303
3033;0,329706561
3034;0,329597891
3035;0,329489292
3036;0,329380764
3037;0,329272308
3038;0,329163924
3039;0,32905561
3040;0,328947368
3041;0,328839198
3042;0,328731098
3043;0,328623069
3044;0,328515112
3045;0,328407225
3046;0,328299409
3047;0,328191664
3048;0,32808399
3049;0,327976386
3050;0,327868852
3051;0,32776139
3052;0,327653997
3053;0,327546675
3054;0,327439424
3055;0,327332242
3056;0,327225131
3057;0,32711809
3058;0,327011118
3059;0,326904217
3060;0,326797386
3061;0,326690624
3062;0,326583932
3063;0,32647731
3064;0,326370757
3065;0,326264274
3066;0,32615786
3067;0,326051516
3068;0,325945241
3069;0,325839036
3070;0,325732899
3071;0,325626832
3072;0,325520833
3073;0,325414904
3074;0,325309044
3075;0,325203252
3076;0,325097529
3077;0,324991875
3078;0,32488629
3079;0,324780773
3080;0,324675325
3081;0,324569945
3082;0,324464633
3083;0,32435939
3084;0,324254215
3085;0,324149109
3086;0,32404407
3087;0,323939099
3088;0,323834197
3089;0,323729362
3090;0,323624595
3091;0,323519896
3092;0,323415265
3093;0,323310702
3094;0,323206206
3095;0,323101777
3096;0,322997416
3097;0,322893122
3098;0,322788896
3099;0,322684737
3100;0,322580645
3101;0,32247662
3102;0,322372663
3103;0,322268772
3104;0,322164948
3105;0,322061192
3106;0,321957502
3107;0,321853878
3108;0,321750322
3109;0,321646832
3110;0,321543408
3111;0,321440051
3112;0,321336761
3113;0,321233537
3114;0,321130379
3115;0,321027287
3116;0,320924262
3117;0,320821303
3118;0,320718409
3119;0,320615582
3120;0,320512821
3121;0,320410125
3122;0,320307495
3123;0,320204931
3124;0,320102433
3125;0,32
3126;0,319897633
3127;0,319795331
3128;0,319693095
3129;0,319590924
3130;0,319488818
3131;0,319386777
3132;0,319284802
3133;0,319182892
3134;0,319081047
3135;0,318979266
3136;0,318877551
3137;0,318775901
3138;0,318674315
3139;0,318572794
3140;0,318471338
3141;0,318369946
3142;0,318268619
3143;0,318167356
3144;0,318066158
3145;0,317965024
3146;0,317863954
3147;0,317762949
3148;0,317662008
3149;0,317561131
3150;0,317460317
3151;0,317359568
3152;0,317258883
3153;0,317158262
3154;0,317057705
3155;0,316957211
3156;0,316856781
3157;0,316756414
3158;0,316656111
3159;0,316555872
3160;0,316455696
3161;0,316355584
3162;0,316255534
3163;0,316155549
3164;0,316055626
3165;0,315955766
3166;0,31585597
3167;0,315756236
3168;0,315656566
3169;0,315556958
3170;0,315457413
3171;0,315357931
3172;0,315258512
3173;0,315159155
3174;0,315059861
3175;0,31496063
3176;0,314861461
3177;0,314762354
3178;0,31466331
3179;0,314564328
3180;0,314465409
3181;0,314366551
3182;0,314267756
3183;0,314169023
3184;0,314070352
3185;0,313971743
3186;0,313873195
3187;0,31377471
3188;0,313676286
3189;0,313577924
3190;0,313479624
3191;0,313381385
3192;0,313283208
3193;0,313185092
3194;0,313087038
3195;0,312989045
3196;0,312891114
3197;0,312793244
3198;0,312695435
3199;0,312597687
3200;0,3125
3201;0,312402374
3202;0,312304809
3203;0,312207306
3204;0,312109863
3205;0,312012481
3206;0,311915159
3207;0,311817898
3208;0,311720698
3209;0,311623559
3210;0,31152648
3211;0,311429461
3212;0,311332503
3213;0,311235605
3214;0,311138768
3215;0,311041991
3216;0,310945274
3217;0,310848617
3218;0,31075202
3219;0,310655483
3220;0,310559006
3221;0,310462589
3222;0,310366232
3223;0,310269935
3224;0,310173697
3225;0,310077519
3226;0,309981401
3227;0,309885342
3228;0,309789343
3229;0,309693404
3230;0,309597523
3231;0,309501702
3232;0,309405941
3233;0,309310238
3234;0,309214595
3235;0,309119011
3236;0,309023486
3237;0,30892802
3238;0,308832613
3239;0,308737265
3240;0,308641975
3241;0,308546745
3242;0,308451573
3243;0,30835646
3244;0,308261406
3245;0,30816641
3246;0,308071473
3247;0,307976594
3248;0,307881773
3249;0,307787011
3250;0,307692308
3251;0,307597662
3252;0,307503075
3253;0,307408546
3254;0,307314075
3255;0,307219662
3256;0,307125307
3257;0,30703101
3258;0,306936771
3259;0,30684259
3260;0,306748466
3261;0,3066544
3262;0,306560392
3263;0,306466442
3264;0,306372549
3265;0,306278714
3266;0,306184936
3267;0,306091215
3268;0,305997552
3269;0,305903946
3270;0,305810398
3271;0,305716906
3272;0,305623472
3273;0,305530095
3274;0,305436775
3275;0,305343511
3276;0,305250305
3277;0,305157156
3278;0,305064063
3279;0,304971028
3280;0,304878049
3281;0,304785126
3282;0,304692261
3283;0,304599452
3284;0,304506699
3285;0,304414003
3286;0,304321363
3287;0,30422878
3288;0,304136253
3289;0,304043782
3290;0,303951368
3291;0,303859009
3292;0,303766707
3293;0,303674461
3294;0,303582271
3295;0,303490137
3296;0,303398058
3297;0,303306036
3298;0,303214069
3299;0,303122158
3300;0,303030303
3301;0,302938503
3302;0,30284676
3303;0,302755071
3304;0,302663438
3305;0,302571861
3306;0,302480339
3307;0,302388872
3308;0,302297461
3309;0,302206105
3310;0,302114804
3311;0,302023558
3312;0,301932367
3313;0,301841232
3314;0,301750151
3315;0,301659125
3316;0,301568154
3317;0,301477238
3318;0,301386377
3319;0,301295571
3320;0,301204819
3321;0,301114122
3322;0,30102348
3323;0,300932892
3324;0,300842359
3325;0,30075188
3326;0,300661455
3327;0,300571085
3328;0,300480769
3329;0,300390508
3330;0,3003003
3331;0,300210147
3332;0,300120048
3333;0,300030003
3334;0,299940012
3335;0,299850075
3336;0,299760192
3337;0,299670363
3338;0,299580587
3339;0,299490866
3340;0,299401198
3341;0,299311583
3342;0,299222023
3343;0,299132516
3344;0,299043062
3345;0,298953662
3346;0,298864316
3347;0,298775022
3348;0,298685783
3349;0,298596596
3350;0,298507463
3351;0,298418383
3352;0,298329356
3353;0,298240382
3354;0,298151461
3355;0,298062593
3356;0,297973778
3357;0,297885016
3358;0,297796307
3359;0,297707651
3360;0,297619048
3361;0,297530497
3362;0,297441999
3363;0,297353553
3364;0,297265161
3365;0,29717682
3366;0,297088532
3367;0,297000297
3368;0,296912114
3369;0,296823983
3370;0,296735905
3371;0,296647879
3372;0,296559905
3373;0,296471983
3374;0,296384114
3375;0,296296296
3376;0,296208531
3377;0,296120817
3378;0,296033156
3379;0,295945546
3380;0,295857988
3381;0,295770482
3382;0,295683028
3383;0,295595625
3384;0,295508274
3385;0,295420975
3386;0,295333727
3387;0,295246531
3388;0,295159386
3389;0,295072293
3390;0,294985251
3391;0,29489826
3392;0,294811321
3393;0,294724433
3394;0,294637596
3395;0,29455081
3396;0,294464075
3397;0,294377392
3398;0,294290759
3399;0,294204178
3400;0,294117647
3401;0,294031167
3402;0,293944738
3403;0,29385836
3404;0,293772033
3405;0,293685756
3406;0,29359953
3407;0,293513355
3408;0,29342723
3409;0,293341156
3410;0,293255132
3411;0,293169159
3412;0,293083236
3413;0,292997363
3414;0,292911541
3415;0,292825769
3416;0,292740047
3417;0,292654375
3418;0,292568754
3419;0,292483182
3420;0,292397661
3421;0,292312189
3422;0,292226768
3423;0,292141396
3424;0,292056075
3425;0,291970803
3426;0,291885581
3427;0,291800409
3428;0,291715286
3429;0,291630213
3430;0,29154519
3431;0,291460216
3432;0,291375291
3433;0,291290417
3434;0,291205591
3435;0,291120815
3436;0,291036088
3437;0,290951411
3438;0,290866783
3439;0,290782204
3440;0,290697674
3441;0,290613194
3442;0,290528762
3443;0,29044438
3444;0,290360046
3445;0,290275762
3446;0,290191526
3447;0,29010734
3448;0,290023202
3449;0,289939113
3450;0,289855072
3451;0,289771081
3452;0,289687138
3453;0,289603244
3454;0,289519398
3455;0,289435601
3456;0,289351852
3457;0,289268152
3458;0,2891845
3459;0,289100896
3460;0,289017341
3461;0,288933834
3462;0,288850376
3463;0,288766965
3464;0,288683603
3465;0,288600289
3466;0,288517023
3467;0,288433804
3468;0,288350634
3469;0,288267512
3470;0,288184438
3471;0,288101412
3472;0,288018433
3473;0,287935502
3474;0,287852619
3475;0,287769784
3476;0,287686997
3477;0,287604257
3478;0,287521564
3479;0,287438919
3480;0,287356322
3481;0,287273772
3482;0,287191269
3483;0,287108814
3484;0,287026406
3485;0,286944046
3486;0,286861733
3487;0,286779467
3488;0,286697248
3489;0,286615076
3490;0,286532951
3491;0,286450874
3492;0,286368843
3493;0,286286859
3494;0,286204923
3495;0,286123033
3496;0,28604119
3497;0,285959394
3498;0,285877644
3499;0,285795942
3500;0,285714286
3501;0,285632676
3502;0,285551114
3503;0,285469597
3504;0,285388128
3505;0,285306705
3506;0,285225328
3507;0,285143998
3508;0,285062714
3509;0,284981476
3510;0,284900285
3511;0,28481914
3512;0,284738041
3513;0,284656988
3514;0,284575982
3515;0,284495021
3516;0,284414107
3517;0,284333239
3518;0,284252416
3519;0,28417164
3520;0,284090909
3521;0,284010224
3522;0,283929585
3523;0,283848992
3524;0,283768445
3525;0,283687943
3526;0,283607487
3527;0,283527077
3528;0,283446712
3529;0,283366393
3530;0,283286119
3531;0,283205891
3532;0,283125708
3533;0,28304557
3534;0,282965478
3535;0,282885431
3536;0,28280543
3537;0,282725474
3538;0,282645562
3539;0,282565697
3540;0,282485876
3541;0,2824061
3542;0,282326369
3543;0,282246684
3544;0,282167043
3545;0,282087447
3546;0,282007896
3547;0,28192839
3548;0,281848929
3549;0,281769513
3550;0,281690141
3551;0,281610814
3552;0,281531532
3553;0,281452294
3554;0,281373101
3555;0,281293952
3556;0,281214848
3557;0,281135789
3558;0,281056773
3559;0,280977803
3560;0,280898876
3561;0,280819994
3562;0,280741157
3563;0,280662363
3564;0,280583614
3565;0,280504909
3566;0,280426248
3567;0,280347631
3568;0,280269058
3569;0,28019053
3570;0,280112045
3571;0,280033604
3572;0,279955207
3573;0,279876854
3574;0,279798545
3575;0,27972028
3576;0,279642058
3577;0,27956388
3578;0,279485746
3579;0,279407656
3580;0,279329609
3581;0,279251606
3582;0,279173646
3583;0,27909573
3584;0,279017857
3585;0,278940028
3586;0,278862242
3587;0,2787845
3588;0,2787068
3589;0,278629145
3590;0,278551532
3591;0,278473963
3592;0,278396437
3593;0,278318954
3594;0,278241514
3595;0,278164117
3596;0,278086763
3597;0,278009452
3598;0,277932185
3599;0,27785496
3600;0,277777778
3601;0,277700639
3602;0,277623542
3603;0,277546489
3604;0,277469478
3605;0,27739251
3606;0,277315585
3607;0,277238703
3608;0,277161863
3609;0,277085065
3610;0,27700831
3611;0,276931598
3612;0,276854928
3613;0,276778301
3614;0,276701716
3615;0,276625173
3616;0,276548673
3617;0,276472215
3618;0,276395799
3619;0,276319425
3620;0,276243094
3621;0,276166805
3622;0,276090558
3623;0,276014353
3624;0,27593819
3625;0,275862069
3626;0,27578599
3627;0,275709953
3628;0,275633958
3629;0,275558005
3630;0,275482094
3631;0,275406224
3632;0,275330396
3633;0,275254611
3634;0,275178866
3635;0,275103164
3636;0,275027503
3637;0,274951883
3638;0,274876306
3639;0,274800769
3640;0,274725275
3641;0,274649821
3642;0,27457441
3643;0,274499039
3644;0,27442371
3645;0,274348423
3646;0,274273176
3647;0,274197971
3648;0,274122807
3649;0,274047684
3650;0,273972603
3651;0,273897562
3652;0,273822563
3653;0,273747605
3654;0,273672687
3655;0,273597811
3656;0,273522976
3657;0,273448182
3658;0,273373428
3659;0,273298716
3660;0,273224044
3661;0,273149413
3662;0,273074823
3663;0,273000273
3664;0,272925764
3665;0,272851296
3666;0,272776869
3667;0,272702482
3668;0,272628135
3669;0,272553829
3670;0,272479564
3671;0,272405339
3672;0,272331155
3673;0,272257011
3674;0,272182907
3675;0,272108844
3676;0,27203482
3677;0,271960838
3678;0,271886895
3679;0,271812993
3680;0,27173913
3681;0,271665308
3682;0,271591526
3683;0,271517784
3684;0,271444083
3685;0,271370421
3686;0,271296799
3687;0,271223217
3688;0,271149675
3689;0,271076172
3690;0,27100271
3691;0,270929287
3692;0,270855905
3693;0,270782562
3694;0,270709258
3695;0,270635995
3696;0,270562771
3697;0,270489586
3698;0,270416441
3699;0,270343336
3700;0,27027027
3701;0,270197244
3702;0,270124257
3703;0,27005131
3704;0,269978402
3705;0,269905533
3706;0,269832704
3707;0,269759914
3708;0,269687163
3709;0,269614451
3710;0,269541779
3711;0,269469146
3712;0,269396552
3713;0,269323997
3714;0,269251481
3715;0,269179004
3716;0,269106566
3717;0,269034167
3718;0,268961807
3719;0,268889486
3720;0,268817204
3721;0,268744961
3722;0,268672757
3723;0,268600591
3724;0,268528464
3725;0,268456376
3726;0,268384326
3727;0,268312316
3728;0,268240343
3729;0,26816841
3730;0,268096515
3731;0,268024658
3732;0,26795284
3733;0,267881061
3734;0,26780932
3735;0,267737617
3736;0,267665953
3737;0,267594327
3738;0,267522739
3739;0,26745119
3740;0,267379679
3741;0,267308206
3742;0,267236772
3743;0,267165375
3744;0,267094017
3745;0,267022697
3746;0,266951415
3747;0,266880171
3748;0,266808965
3749;0,266737797
3750;0,266666667
3751;0,266595575
3752;0,26652452
3753;0,266453504
3754;0,266382525
3755;0,266311585
3756;0,266240682
3757;0,266169816
3758;0,266098989
3759;0,266028199
3760;0,265957447
3761;0,265886732
3762;0,265816055
3763;0,265745416
3764;0,265674814
3765;0,26560425
3766;0,265533723
3767;0,265463233
3768;0,265392781
3769;0,265322367
3770;0,265251989
3771;0,265181649
3772;0,265111347
3773;0,265041081
3774;0,264970853
3775;0,264900662
3776;0,264830508
3777;0,264760392
3778;0,264690312
3779;0,26462027
3780;0,264550265
3781;0,264480296
3782;0,264410365
3783;0,264340471
3784;0,264270613
3785;0,264200793
3786;0,264131009
3787;0,264061262
3788;0,263991552
3789;0,263921879
3790;0,263852243
3791;0,263782643
3792;0,26371308
3793;0,263643554
3794;0,263574064
3795;0,263504611
3796;0,263435195
3797;0,263365815
3798;0,263296472
3799;0,263227165
3800;0,263157895
3801;0,263088661
3802;0,263019463
3803;0,262950302
3804;0,262881178
3805;0,262812089
3806;0,262743037
3807;0,262674022
3808;0,262605042
3809;0,262536099
3810;0,262467192
3811;0,262398321
3812;0,262329486
3813;0,262260687
3814;0,262191924
3815;0,262123198
3816;0,262054507
3817;0,261985853
3818;0,261917234
3819;0,261848651
3820;0,261780105
3821;0,261711594
3822;0,261643119
3823;0,26157468
3824;0,261506276
3825;0,261437909
3826;0,261369577
3827;0,26130128
3828;0,26123302
3829;0,261164795
3830;0,261096606
3831;0,261028452
3832;0,260960334
3833;0,260892252
3834;0,260824204
3835;0,260756193
3836;0,260688217
3837;0,260620276
3838;0,260552371
3839;0,260484501
3840;0,260416667
3841;0,260348867
3842;0,260281104
3843;0,260213375
3844;0,260145682
3845;0,260078023
3846;0,2600104
3847;0,259942813
3848;0,25987526
3849;0,259807742
3850;0,25974026
3851;0,259672812
3852;0,2596054
3853;0,259538022
3854;0,25947068
3855;0,259403372
3856;0,2593361
3857;0,259268862
3858;0,259201659
3859;0,259134491
3860;0,259067358
3861;0,259000259
3862;0,258933195
3863;0,258866166
3864;0,258799172
3865;0,258732212
3866;0,258665287
3867;0,258598397
3868;0,258531541
3869;0,25846472
3870;0,258397933
3871;0,258331181
3872;0,258264463
3873;0,25819778
3874;0,258131131
3875;0,258064516
3876;0,257997936
3877;0,25793139
3878;0,257864879
3879;0,257798402
3880;0,257731959
3881;0,25766555
3882;0,257599176
3883;0,257532835
3884;0,257466529
3885;0,257400257
3886;0,25733402
3887;0,257267816
3888;0,257201646
3889;0,25713551
3890;0,257069409
3891;0,257003341
3892;0,256937307
3893;0,256871307
3894;0,256805342
3895;0,25673941
3896;0,256673511
3897;0,256607647
3898;0,256541816
3899;0,256476019
3900;0,256410256
3901;0,256344527
3902;0,256278831
3903;0,256213169
3904;0,256147541
3905;0,256081946
3906;0,256016385
3907;0,255950857
3908;0,255885363
3909;0,255819903
3910;0,255754476
3911;0,255689082
3912;0,255623722
3913;0,255558395
3914;0,255493102
3915;0,255427842
3916;0,255362615
3917;0,255297422
3918;0,255232261
3919;0,255167134
3920;0,255102041
3921;0,25503698
3922;0,254971953
3923;0,254906959
3924;0,254841998
3925;0,25477707
3926;0,254712175
3927;0,254647313
3928;0,254582485
3929;0,254517689
3930;0,254452926
3931;0,254388196
3932;0,254323499
3933;0,254258835
3934;0,254194204
3935;0,254129606
3936;0,254065041
3937;0,254000508
3938;0,253936008
3939;0,253871541
3940;0,253807107
3941;0,253742705
3942;0,253678336
3943;0,253613999
3944;0,253549696
3945;0,253485425
3946;0,253421186
3947;0,25335698
3948;0,253292806
3949;0,253228665
3950;0,253164557
3951;0,253100481
3952;0,253036437
3953;0,252972426
3954;0,252908447
3955;0,252844501
3956;0,252780586
3957;0,252716705
3958;0,252652855
3959;0,252589038
3960;0,252525253
3961;0,2524615
3962;0,252397779
3963;0,25233409
3964;0,252270434
3965;0,25220681
3966;0,252143217
3967;0,252079657
3968;0,252016129
3969;0,251952633
3970;0,251889169
3971;0,251825737
3972;0,251762336
3973;0,251698968
3974;0,251635632
3975;0,251572327
3976;0,251509054
3977;0,251445813
3978;0,251382604
3979;0,251319427
3980;0,251256281
3981;0,251193168
3982;0,251130085
3983;0,251067035
3984;0,251004016
3985;0,250941029
3986;0,250878073
3987;0,250815149
3988;0,250752257
3989;0,250689396
3990;0,250626566
3991;0,250563768
3992;0,250501002
3993;0,250438267
3994;0,250375563
3995;0,250312891
3996;0,25025025
3997;0,250187641
3998;0,250125063
3999;0,250062516
4000;0,25
4001;0,249937516
4002;0,249875062
4003;0,249812641
4004;0,24975025
4005;0,24968789
4006;0,249625562
4007;0,249563264
4008;0,249500998
4009;0,249438763
4010;0,249376559
4011;0,249314385
4012;0,249252243
4013;0,249190132
4014;0,249128052
4015;0,249066002
4016;0,249003984
4017;0,248941997
4018;0,24888004
4019;0,248818114
4020;0,248756219
4021;0,248694355
4022;0,248632521
4023;0,248570718
4024;0,248508946
4025;0,248447205
4026;0,248385494
4027;0,248323814
4028;0,248262165
4029;0,248200546
4030;0,248138958
4031;0,2480774
4032;0,248015873
4033;0,247954376
4034;0,24789291
4035;0,247831475
4036;0,247770069
4037;0,247708695
4038;0,24764735
4039;0,247586036
4040;0,247524752
4041;0,247463499
4042;0,247402276
4043;0,247341083
4044;0,247279921
4045;0,247218789
4046;0,247157687
4047;0,247096615
4048;0,247035573
4049;0,246974562
4050;0,24691358
4051;0,246852629
4052;0,246791708
4053;0,246730817
4054;0,246669956
4055;0,246609125
4056;0,246548323
4057;0,246487552
4058;0,246426811
4059;0,2463661
4060;0,246305419
4061;0,246244767
4062;0,246184146
4063;0,246123554
4064;0,246062992
4065;0,24600246
4066;0,245941958
4067;0,245881485
4068;0,245821042
4069;0,245760629
4070;0,245700246
4071;0,245639892
4072;0,245579568
4073;0,245519273
4074;0,245459008
4075;0,245398773
4076;0,245338567
4077;0,245278391
4078;0,245218244
4079;0,245158127
4080;0,245098039
4081;0,245037981
4082;0,244977952
4083;0,244917952
4084;0,244857982
4085;0,244798042
4086;0,24473813
4087;0,244678248
4088;0,244618395
4089;0,244558572
4090;0,244498778
4091;0,244439012
4092;0,244379277
4093;0,24431957
4094;0,244259893
4095;0,244200244
4096;0,244140625
4097;0,244081035
4098;0,244021474
4099;0,243961942
4100;0,243902439
4101;0,243842965
4102;0,24378352
4103;0,243724104
4104;0,243664717
4105;0,243605359
4106;0,24354603
4107;0,24348673
4108;0,243427459
4109;0,243368216
4110;0,243309002
4111;0,243249818
4112;0,243190661
4113;0,243131534
4114;0,243072436
4115;0,243013366
4116;0,242954325
4117;0,242895312
4118;0,242836328
4119;0,242777373
4120;0,242718447
4121;0,242659549
4122;0,242600679
4123;0,242541838
4124;0,242483026
4125;0,242424242
4126;0,242365487
4127;0,24230676
4128;0,242248062
4129;0,242189392
4130;0,242130751
4131;0,242072138
4132;0,242013553
4133;0,241954996
4134;0,241896468
4135;0,241837969
4136;0,241779497
4137;0,241721054
4138;0,241662639
4139;0,241604252
4140;0,241545894
4141;0,241487563
4142;0,241429261
4143;0,241370987
4144;0,241312741
4145;0,241254524
4146;0,241196334
4147;0,241138172
4148;0,241080039
4149;0,241021933
4150;0,240963855
4151;0,240905806
4152;0,240847784
4153;0,240789791
4154;0,240731825
4155;0,240673887
4156;0,240615977
4157;0,240558095
4158;0,240500241
4159;0,240442414
4160;0,240384615
4161;0,240326845
4162;0,240269101
4163;0,240211386
4164;0,240153698
4165;0,240096038
4166;0,240038406
4167;0,239980802
4168;0,239923225
4169;0,239865675
4170;0,239808153
4171;0,239750659
4172;0,239693193
4173;0,239635754
4174;0,239578342
4175;0,239520958
4176;0,239463602
4177;0,239406272
4178;0,239348971
4179;0,239291697
4180;0,23923445
4181;0,23917723
4182;0,239120038
4183;0,239062874
4184;0,239005736
4185;0,238948626
4186;0,238891543
4187;0,238834488
4188;0,238777459
4189;0,238720458
4190;0,238663484
4191;0,238606538
4192;0,238549618
4193;0,238492726
4194;0,238435861
4195;0,238379023
4196;0,238322212
4197;0,238265428
4198;0,238208671
4199;0,238151941
4200;0,238095238
4201;0,238038562
4202;0,237981913
4203;0,237925291
4204;0,237868696
4205;0,237812128
4206;0,237755587
4207;0,237699073
4208;0,237642586
4209;0,237586125
4210;0,237529691
4211;0,237473284
4212;0,237416904
4213;0,237360551
4214;0,237304224
4215;0,237247924
4216;0,237191651
4217;0,237135404
4218;0,237079184
4219;0,237022991
4220;0,236966825
4221;0,236910685
4222;0,236854571
4223;0,236798484
4224;0,236742424
4225;0,236686391
4226;0,236630383
4227;0,236574403
4228;0,236518448
4229;0,236462521
4230;0,236406619
4231;0,236350745
4232;0,236294896
4233;0,236239074
4234;0,236183278
4235;0,236127509
4236;0,236071766
4237;0,236016049
4238;0,235960359
4239;0,235904695
4240;0,235849057
4241;0,235793445
4242;0,23573786
4243;0,2356823
4244;0,235626767
4245;0,23557126
4246;0,23551578
4247;0,235460325
4248;0,235404896
4249;0,235349494
4250;0,235294118
4251;0,235238767
4252;0,235183443
4253;0,235128145
4254;0,235072873
4255;0,235017626
4256;0,234962406
4257;0,234907212
4258;0,234852043
4259;0,234796901
4260;0,234741784
4261;0,234686693
4262;0,234631628
4263;0,234576589
4264;0,234521576
4265;0,234466589
4266;0,234411627
4267;0,234356691
4268;0,234301781
4269;0,234246896
4270;0,234192037
4271;0,234137204
4272;0,234082397
4273;0,234027615
4274;0,233972859
4275;0,233918129
4276;0,233863424
4277;0,233808744
4278;0,233754091
4279;0,233699462
4280;0,23364486
4281;0,233590283
4282;0,233535731
4283;0,233481205
4284;0,233426704
4285;0,233372229
4286;0,233317779
4287;0,233263354
4288;0,233208955
4289;0,233154581
4290;0,233100233
4291;0,23304591
4292;0,232991612
4293;0,23293734
4294;0,232883093
4295;0,232828871
4296;0,232774674
4297;0,232720503
4298;0,232666356
4299;0,232612235
4300;0,23255814
4301;0,232504069
4302;0,232450023
4303;0,232396003
4304;0,232342007
4305;0,232288037
4306;0,232234092
4307;0,232180172
4308;0,232126277
4309;0,232072407
4310;0,232018561
4311;0,231964741
4312;0,231910946
4313;0,231857176
4314;0,231803431
4315;0,23174971
4316;0,231696015
4317;0,231642344
4318;0,231588698
4319;0,231535078
4320;0,231481481
4321;0,23142791
4322;0,231374364
4323;0,231320842
4324;0,231267345
4325;0,231213873
4326;0,231160425
4327;0,231107003
4328;0,231053604
4329;0,231000231
4330;0,230946882
4331;0,230893558
4332;0,230840259
4333;0,230786984
4334;0,230733733
4335;0,230680508
4336;0,230627306
4337;0,23057413
4338;0,230520977
4339;0,23046785
4340;0,230414747
4341;0,230361668
4342;0,230308614
4343;0,230255584
4344;0,230202578
4345;0,230149597
4346;0,230096641
4347;0,230043708
4348;0,2299908
4349;0,229937917
4350;0,229885057
4351;0,229832222
4352;0,229779412
4353;0,229726625
4354;0,229673863
4355;0,229621125
4356;0,229568411
4357;0,229515722
4358;0,229463056
4359;0,229410415
4360;0,229357798
4361;0,229305205
4362;0,229252636
4363;0,229200092
4364;0,229147571
4365;0,229095074
4366;0,229042602
4367;0,228990153
4368;0,228937729
4369;0,228885328
4370;0,228832952
4371;0,228780599
4372;0,228728271
4373;0,228675966
4374;0,228623685
4375;0,228571429
4376;0,228519196
4377;0,228466987
4378;0,228414801
4379;0,22836264
4380;0,228310502
4381;0,228258389
4382;0,228206298
4383;0,228154232
4384;0,22810219
4385;0,228050171
4386;0,227998176
4387;0,227946205
4388;0,227894257
4389;0,227842333
4390;0,227790433
4391;0,227738556
4392;0,227686703
4393;0,227634874
4394;0,227583068
4395;0,227531286
4396;0,227479527
4397;0,227427792
4398;0,22737608
4399;0,227324392
4400;0,227272727
4401;0,227221086
4402;0,227169468
4403;0,227117874
4404;0,227066303
4405;0,227014756
4406;0,226963232
4407;0,226911731
4408;0,226860254
4409;0,2268088
4410;0,22675737
4411;0,226705962
4412;0,226654578
4413;0,226603218
4414;0,22655188
4415;0,226500566
4416;0,226449275
4417;0,226398008
4418;0,226346763
4419;0,226295542
4420;0,226244344
4421;0,226193169
4422;0,226142017
4423;0,226090889
4424;0,226039783
4425;0,225988701
4426;0,225937641
4427;0,225886605
4428;0,225835592
4429;0,225784601
4430;0,225733634
4431;0,22568269
4432;0,225631769
4433;0,225580871
4434;0,225529995
4435;0,225479143
4436;0,225428314
4437;0,225377507
4438;0,225326724
4439;0,225275963
4440;0,225225225
4441;0,22517451
4442;0,225123818
4443;0,225073149
4444;0,225022502
4445;0,224971879
4446;0,224921278
4447;0,224870699
4448;0,224820144
4449;0,224769611
4450;0,224719101
4451;0,224668614
4452;0,224618149
4453;0,224567707
4454;0,224517288
4455;0,224466891
4456;0,224416517
4457;0,224366166
4458;0,224315837
4459;0,22426553
4460;0,224215247
4461;0,224164985
4462;0,224114747
4463;0,224064531
4464;0,224014337
4465;0,223964166
4466;0,223914017
4467;0,223863891
4468;0,223813787
4469;0,223763706
4470;0,223713647
4471;0,22366361
4472;0,223613596
4473;0,223563604
4474;0,223513634
4475;0,223463687
4476;0,223413762
4477;0,22336386
4478;0,223313979
4479;0,223264121
4480;0,223214286
4481;0,223164472
4482;0,223114681
4483;0,223064912
4484;0,223015165
4485;0,22296544
4486;0,222915738
4487;0,222866058
4488;0,222816399
4489;0,222766763
4490;0,222717149
4491;0,222667557
4492;0,222617988
4493;0,22256844
4494;0,222518914
4495;0,22246941
4496;0,222419929
4497;0,222370469
4498;0,222321032
4499;0,222271616
4500;0,222222222
4501;0,22217285
4502;0,222123501
4503;0,222074173
4504;0,222024867
4505;0,221975583
4506;0,22192632
4507;0,22187708
4508;0,221827862
4509;0,221778665
4510;0,22172949
4511;0,221680337
4512;0,221631206
4513;0,221582096
4514;0,221533008
4515;0,221483942
4516;0,221434898
4517;0,221385876
4518;0,221336875
4519;0,221287896
4520;0,221238938
4521;0,221190002
4522;0,221141088
4523;0,221092195
4524;0,221043324
4525;0,220994475
4526;0,220945647
4527;0,220896841
4528;0,220848057
4529;0,220799293
4530;0,220750552
4531;0,220701832
4532;0,220653133
4533;0,220604456
4534;0,220555801
4535;0,220507166
4536;0,220458554
4537;0,220409963
4538;0,220361393
4539;0,220312844
4540;0,220264317
4541;0,220215812
4542;0,220167327
4543;0,220118864
4544;0,220070423
4545;0,220022002
4546;0,219973603
4547;0,219925225
4548;0,219876869
4549;0,219828534
4550;0,21978022
4551;0,219731927
4552;0,219683656
4553;0,219635405
4554;0,219587176
4555;0,219538968
4556;0,219490781
4557;0,219442616
4558;0,219394471
4559;0,219346348
4560;0,219298246
4561;0,219250164
4562;0,219202104
4563;0,219154065
4564;0,219106047
4565;0,21905805
4566;0,219010074
4567;0,21896212
4568;0,218914186
4569;0,218866273
4570;0,218818381
4571;0,21877051
4572;0,21872266
4573;0,218674831
4574;0,218627022
4575;0,218579235
4576;0,218531469
4577;0,218483723
4578;0,218435998
4579;0,218388294
4580;0,218340611
4581;0,218292949
4582;0,218245308
4583;0,218197687
4584;0,218150087
4585;0,218102508
4586;0,21805495
4587;0,218007412
4588;0,217959895
4589;0,217912399
4590;0,217864924
4591;0,217817469
4592;0,217770035
4593;0,217722621
4594;0,217675229
4595;0,217627856
4596;0,217580505
4597;0,217533174
4598;0,217485863
4599;0,217438574
4600;0,217391304
4601;0,217344056
4602;0,217296827
4603;0,21724962
4604;0,217202433
4605;0,217155266
4606;0,21710812
4607;0,217060994
4608;0,217013889
4609;0,216966804
4610;0,21691974
4611;0,216872696
4612;0,216825672
4613;0,216778669
4614;0,216731686
4615;0,216684724
4616;0,216637782
4617;0,21659086
4618;0,216543958
4619;0,216497077
4620;0,216450216
4621;0,216403376
4622;0,216356556
4623;0,216309756
4624;0,216262976
4625;0,216216216
4626;0,216169477
4627;0,216122758
4628;0,216076059
4629;0,21602938
4630;0,215982721
4631;0,215936083
4632;0,215889465
4633;0,215842866
4634;0,215796288
4635;0,21574973
4636;0,215703192
4637;0,215656675
4638;0,215610177
4639;0,215563699
4640;0,215517241
4641;0,215470804
4642;0,215424386
4643;0,215377988
4644;0,215331611
4645;0,215285253
4646;0,215238915
4647;0,215192597
4648;0,215146299
4649;0,215100022
4650;0,215053763
4651;0,215007525
4652;0,214961307
4653;0,214915109
4654;0,21486893
4655;0,214822771
4656;0,214776632
4657;0,214730513
4658;0,214684414
4659;0,214638334
4660;0,214592275
4661;0,214546235
4662;0,214500215
4663;0,214454214
4664;0,214408233
4665;0,214362272
4666;0,214316331
4667;0,214270409
4668;0,214224507
4669;0,214178625
4670;0,214132762
4671;0,214086919
4672;0,214041096
4673;0,213995292
4674;0,213949508
4675;0,213903743
4676;0,213857998
4677;0,213812273
4678;0,213766567
4679;0,213720881
4680;0,213675214
4681;0,213629566
4682;0,213583938
4683;0,21353833
4684;0,213492741
4685;0,213447172
4686;0,213401622
4687;0,213356091
4688;0,21331058
4689;0,213265089
4690;0,213219616
4691;0,213174163
4692;0,21312873
4693;0,213083316
4694;0,213037921
4695;0,212992545
4696;0,212947189
4697;0,212901852
4698;0,212856535
4699;0,212811236
4700;0,212765957
4701;0,212720698
4702;0,212675457
4703;0,212630236
4704;0,212585034
4705;0,212539851
4706;0,212494688
4707;0,212449543
4708;0,212404418
4709;0,212359312
4710;0,212314225
4711;0,212269157
4712;0,212224109
4713;0,212179079
4714;0,212134069
4715;0,212089077
4716;0,212044105
4717;0,211999152
4718;0,211954218
4719;0,211909303
4720;0,211864407
4721;0,21181953
4722;0,211774672
4723;0,211729833
4724;0,211685013
4725;0,211640212
4726;0,21159543
4727;0,211550666
4728;0,211505922
4729;0,211461197
4730;0,21141649
4731;0,211371803
4732;0,211327134
4733;0,211282485
4734;0,211237854
4735;0,211193242
4736;0,211148649
4737;0,211104074
4738;0,211059519
4739;0,211014982
4740;0,210970464
4741;0,210925965
4742;0,210881485
4743;0,210837023
4744;0,21079258
4745;0,210748156
4746;0,210703751
4747;0,210659364
4748;0,210614996
4749;0,210570646
4750;0,210526316
4751;0,210482004
4752;0,21043771
4753;0,210393436
4754;0,21034918
4755;0,210304942
4756;0,210260723
4757;0,210216523
4758;0,210172341
4759;0,210128178
4760;0,210084034
4761;0,210039908
4762;0,2099958
4763;0,209951711
4764;0,209907641
4765;0,209863589
4766;0,209819555
4767;0,20977554
4768;0,209731544
4769;0,209687566
4770;0,209643606
4771;0,209599665
4772;0,209555742
4773;0,209511837
4774;0,209467951
4775;0,209424084
4776;0,209380235
4777;0,209336404
4778;0,209292591
4779;0,209248797
4780;0,209205021
4781;0,209161263
4782;0,209117524
4783;0,209073803
4784;0,2090301
4785;0,208986416
4786;0,20894275
4787;0,208899102
4788;0,208855472
4789;0,208811861
4790;0,208768267
4791;0,208724692
4792;0,208681135
4793;0,208637596
4794;0,208594076
4795;0,208550574
4796;0,208507089
4797;0,208463623
4798;0,208420175
4799;0,208376745
4800;0,208333333
4801;0,20828994
4802;0,208246564
4803;0,208203206
4804;0,208159867
4805;0,208116545
4806;0,208073242
4807;0,208029956
4808;0,207986689
4809;0,207943439
4810;0,207900208
4811;0,207856994
4812;0,207813799
4813;0,207770621
4814;0,207727462
4815;0,20768432
4816;0,207641196
4817;0,20759809
4818;0,207555002
4819;0,207511932
4820;0,20746888
4821;0,207425845
4822;0,207382829
4823;0,20733983
4824;0,207296849
4825;0,207253886
4826;0,207210941
4827;0,207168013
4828;0,207125104
4829;0,207082212
4830;0,207039337
4831;0,206996481
4832;0,206953642
4833;0,206910821
4834;0,206868018
4835;0,206825233
4836;0,206782465
4837;0,206739715
4838;0,206696982
4839;0,206654267
4840;0,20661157
4841;0,206568891
4842;0,206526229
4843;0,206483585
4844;0,206440958
4845;0,206398349
4846;0,206355757
4847;0,206313183
4848;0,206270627
4849;0,206228088
4850;0,206185567
4851;0,206143063
4852;0,206100577
4853;0,206058108
4854;0,206015657
4855;0,205973223
4856;0,205930807
4857;0,205888408
4858;0,205846027
4859;0,205803663
4860;0,205761317
4861;0,205718988
4862;0,205676676
4863;0,205634382
4864;0,205592105
4865;0,205549846
4866;0,205507604
4867;0,205465379
4868;0,205423172
4869;0,205380982
4870;0,205338809
4871;0,205296654
4872;0,205254516
4873;0,205212395
4874;0,205170291
4875;0,205128205
4876;0,205086136
4877;0,205044084
4878;0,20500205
4879;0,204960033
4880;0,204918033
4881;0,20487605
4882;0,204834084
4883;0,204792136
4884;0,204750205
4885;0,204708291
4886;0,204666394
4887;0,204624514
4888;0,204582651
4889;0,204540806
4890;0,204498978
4891;0,204457166
4892;0,204415372
4893;0,204373595
4894;0,204331835
4895;0,204290092
4896;0,204248366
4897;0,204206657
4898;0,204164965
4899;0,20412329
4900;0,204081633
4901;0,204039992
4902;0,203998368
4903;0,203956761
4904;0,203915171
4905;0,203873598
4906;0,203832042
4907;0,203790503
4908;0,203748981
4909;0,203707476
4910;0,203665988
4911;0,203624516
4912;0,203583062
4913;0,203541624
4914;0,203500204
4915;0,2034588
4916;0,203417413
4917;0,203376042
4918;0,203334689
4919;0,203293352
4920;0,203252033
4921;0,20321073
4922;0,203169443
4923;0,203128174
4924;0,203086921
4925;0,203045685
4926;0,203004466
4927;0,202963264
4928;0,202922078
4929;0,202880909
4930;0,202839757
4931;0,202798621
4932;0,202757502
4933;0,2027164
4934;0,202675314
4935;0,202634245
4936;0,202593193
4937;0,202552157
4938;0,202511138
4939;0,202470136
4940;0,20242915
4941;0,202388181
4942;0,202347228
4943;0,202306292
4944;0,202265372
4945;0,202224469
4946;0,202183583
4947;0,202142713
4948;0,202101859
4949;0,202061022
4950;0,202020202
4951;0,201979398
4952;0,201938611
4953;0,20189784
4954;0,201857085
4955;0,201816347
4956;0,201775626
4957;0,20173492
4958;0,201694232
4959;0,201653559
4960;0,201612903
4961;0,201572264
4962;0,20153164
4963;0,201491034
4964;0,201450443
4965;0,201409869
4966;0,201369311
4967;0,20132877
4968;0,201288245
4969;0,201247736
4970;0,201207243
4971;0,201166767
4972;0,201126307
4973;0,201085864
4974;0,201045436
4975;0,201005025
4976;0,20096463
4977;0,200924252
4978;0,200883889
4979;0,200843543
4980;0,200803213
4981;0,200762899
4982;0,200722601
4983;0,20068232
4984;0,200642055
4985;0,200601805
4986;0,200561572
4987;0,200521356
4988;0,200481155
4989;0,20044097
4990;0,200400802
4991;0,200360649
4992;0,200320513
4993;0,200280393
4994;0,200240288
4995;0,2002002
4996;0,200160128
4997;0,200120072
4998;0,200080032
4999;0,200040008
5000;0,2
